term_id,concept_id,resource_scope,source_term,preferred_id,variants_id,rejected_id,register,evidence,status,notes
LEBL-TERM-0001,concept.math.analysis,R006,analysis,analisis,,,formal,R006 ch-vol1-intro.tex,admitted,
LEBL-TERM-0002,concept.math.real-analysis,R006,real analysis,analisis real,,,formal,R006 realanal.tex and ch-vol1-intro.tex,admitted,
LEBL-TERM-0003,concept.math.proof,R006,proof,pembuktian,bukti,,formal,R006 ch-vol1-intro.tex,admitted,Use pembuktian for the process and bukti for the resulting argument where context requires.
LEBL-TERM-0004,concept.set-theory.set,R006,set,himpunan,,,formal,R006 ch-vol1-intro.tex,admitted,
LEBL-TERM-0005,concept.set-theory.element,R006,element,elemen,anggota,,formal,R006 ch-vol1-intro.tex,admitted,
LEBL-TERM-0006,concept.set-theory.subset,R006,subset,himpunan bagian,,,formal,R006 ch-vol1-intro.tex,admitted,
LEBL-TERM-0007,concept.set-theory.empty-set,R006,empty set,himpunan kosong,,,formal,R006 ch-vol1-intro.tex,admitted,
LEBL-TERM-0008,concept.set-theory.union,R006,union,gabungan,,,formal,R006 ch-vol1-intro.tex,admitted,
LEBL-TERM-0009,concept.set-theory.intersection,R006,intersection,irisan,,,formal,R006 ch-vol1-intro.tex,admitted,
LEBL-TERM-0010,concept.set-theory.set-difference,R006,set difference,selisih himpunan,,,formal,R006 ch-vol1-intro.tex,admitted,
LEBL-TERM-0011,concept.set-theory.complement,R006,complement,komplemen,,,formal,R006 ch-vol1-intro.tex,admitted,
LEBL-TERM-0012,concept.set-theory.disjoint,R006,disjoint,saling lepas,,,formal,R006 ch-vol1-intro.tex,admitted,
LEBL-TERM-0013,concept.number-system.natural-numbers,R006,natural numbers,bilangan asli,,,formal,R006 ch-vol1-intro.tex,admitted,
LEBL-TERM-0014,concept.number-system.integers,R006,integers,bilangan bulat,,,formal,R006 ch-vol1-intro.tex,admitted,
LEBL-TERM-0015,concept.number-system.rational-numbers,R006,rational numbers,bilangan rasional,,,formal,R006 ch-vol1-intro.tex,admitted,
LEBL-TERM-0016,concept.number-system.real-numbers,R006,real numbers,bilangan real,,,formal,R006 ch-vol1-intro.tex,admitted,
LEBL-TERM-0017,concept.order.least-element,R006,least element,elemen terkecil,minimum,,formal,R006 ch-vol1-intro.tex,admitted,
LEBL-TERM-0018,concept.order.well-ordering-property,R006,well ordering property,sifat urutan baik,,,formal,R006 ch-vol1-intro.tex,admitted,
LEBL-TERM-0019,concept.logic.axiom,R006,axiom,aksioma,,,formal,R006 ch-vol1-intro.tex,admitted,
LEBL-TERM-0020,concept.proof.induction-principle,R006,principle of induction,prinsip induksi,,,formal,R006 ch-vol1-intro.tex,admitted,
LEBL-TERM-0021,concept.proof.induction-basis,R006,basis statement,pernyataan dasar,kasus dasar,,formal,R006 ch-vol1-intro.tex,admitted,Source specifically calls this a statement rather than a case.
LEBL-TERM-0022,concept.proof.induction-step,R006,induction step,langkah induksi,,,formal,R006 ch-vol1-intro.tex,admitted,
LEBL-TERM-0023,concept.proof.induction-hypothesis,R006,induction hypothesis,hipotesis induksi,,,formal,R006 ch-vol1-intro.tex,admitted,
LEBL-TERM-0024,concept.proof.strong-induction,R006,strong induction,induksi kuat,,,formal,R006 ch-vol1-intro.tex,admitted,
LEBL-TERM-0025,concept.result.theorem,R006,theorem,teorema,,,formal,R006 realanal.tex and ch-vol1-intro.tex,admitted,
LEBL-TERM-0026,concept.result.lemma,R006,lemma,lema,,,formal,R006 realanal.tex and ch-vol1-intro.tex,admitted,
LEBL-TERM-0027,concept.result.proposition,R006,proposition,proposisi,,,formal,R006 realanal.tex and ch-vol1-intro.tex,admitted,
LEBL-TERM-0028,concept.result.corollary,R006,corollary,akibat,korolari,,formal,R006 realanal.tex and ch-vol1-intro.tex,admitted,
LEBL-TERM-0029,concept.function.function,R006,function,fungsi,,,formal,R006 ch-vol1-intro.tex,admitted,
LEBL-TERM-0030,concept.function.set-theoretic-function,R006,set-theoretic function,fungsi dalam teori himpunan,,,formal,R006 ch-vol1-intro.tex,admitted,
LEBL-TERM-0031,concept.function.mapping,R006,mapping,pemetaan,peta,,formal,R006 ch-vol1-intro.tex,admitted,Use pemetaan for the object/process and peta where the shorter noun is idiomatic.
LEBL-TERM-0032,concept.set-theory.cartesian-product,R006,Cartesian product,produk Kartesius,,,formal,R006 ch-vol1-intro.tex,admitted,
LEBL-TERM-0033,concept.function.graph,R006,graph,grafik,,,formal,R006 ch-vol1-intro.tex,admitted,
LEBL-TERM-0034,concept.function.domain,R006,domain,domain,,,formal,R006 ch-vol1-intro.tex,admitted,
LEBL-TERM-0035,concept.function.range,R006,range,daerah hasil,jangkauan,,formal,R006 ch-vol1-intro.tex,admitted,Distinguish from codomain.
LEBL-TERM-0036,concept.function.codomain,R006,codomain,kodomain,,,formal,R006 ch-vol1-intro.tex,admitted,
LEBL-TERM-0037,concept.function.image,R006,image,citra,,,formal,R006 ch-vol1-intro.tex,admitted,
LEBL-TERM-0038,concept.function.direct-image,R006,direct image,citra langsung,,,formal,R006 ch-vol1-intro.tex,admitted,
LEBL-TERM-0039,concept.function.inverse-image,R006,inverse image,prapeta,citra invers,,formal,R006 ch-vol1-intro.tex,admitted,Do not confuse the inverse image set with an inverse-function value.
LEBL-TERM-0040,concept.function.injective,R006,injective,injektif,satu-ke-satu,,formal,R006 ch-vol1-intro.tex,admitted,
LEBL-TERM-0041,concept.function.injection,R006,injection,injeksi,,,formal,R006 ch-vol1-intro.tex,admitted,
LEBL-TERM-0042,concept.function.surjective,R006,surjective,surjektif,memetakan pada,,formal,R006 ch-vol1-intro.tex,admitted,
LEBL-TERM-0043,concept.function.surjection,R006,surjection,surjeksi,,,formal,R006 ch-vol1-intro.tex,admitted,
LEBL-TERM-0044,concept.function.bijective,R006,bijective,bijektif,,,formal,R006 ch-vol1-intro.tex,admitted,
LEBL-TERM-0045,concept.function.bijection,R006,bijection,bijeksi,,,formal,R006 ch-vol1-intro.tex,admitted,
LEBL-TERM-0046,concept.function.inverse-function,R006,inverse function,fungsi invers,,,formal,R006 ch-vol1-intro.tex,admitted,
LEBL-TERM-0047,concept.function.composition,R006,composition of functions,komposisi fungsi,,,formal,R006 ch-vol1-intro.tex,admitted,
LEBL-TERM-0048,concept.relation.binary-relation,R006,binary relation,relasi biner,,,formal,R006 ch-vol1-intro.tex,admitted,
LEBL-TERM-0049,concept.relation.reflexive,R006,reflexive,refleksif,,,formal,R006 ch-vol1-intro.tex,admitted,
LEBL-TERM-0050,concept.relation.symmetric,R006,symmetric,simetris,,,formal,R006 ch-vol1-intro.tex,admitted,
LEBL-TERM-0051,concept.relation.transitive,R006,transitive,transitif,,,formal,R006 ch-vol1-intro.tex,admitted,
LEBL-TERM-0052,concept.relation.equivalence-relation,R006,equivalence relation,relasi ekuivalensi,,,formal,R006 ch-vol1-intro.tex,admitted,
LEBL-TERM-0053,concept.relation.equivalence-class,R006,equivalence class,kelas ekuivalensi,,,formal,R006 ch-vol1-intro.tex,admitted,
LEBL-TERM-0054,concept.set-theory.cardinality,R006,cardinality,kardinalitas,,,formal,R006 ch-vol1-intro.tex,admitted,
LEBL-TERM-0055,concept.set-theory.finite,R006,finite,berhingga,,,formal,R006 ch-vol1-intro.tex,admitted,
LEBL-TERM-0056,concept.set-theory.infinite,R006,infinite,tak berhingga,,,formal,R006 ch-vol1-intro.tex,admitted,
LEBL-TERM-0057,concept.set-theory.countably-infinite,R006,countably infinite,tak berhingga terhitung,,tak hingga tercacah,formal,R006 ch-vol1-intro.tex and Indonesian university analysis sources,admitted,Canonicalized by LEBL-ID-DEC-0016.
LEBL-TERM-0058,concept.set-theory.countable,R006,countable,terhitung,,tercacah,formal,R006 ch-vol1-intro.tex and Indonesian university analysis sources,admitted,Canonicalized by LEBL-ID-DEC-0016.
LEBL-TERM-0059,concept.set-theory.uncountable,R006,uncountable,tak terhitung,,tak tercacah,formal,R006 ch-vol1-intro.tex and Indonesian university analysis sources,admitted,Canonicalized by LEBL-ID-DEC-0016.
LEBL-TERM-0060,concept.set-theory.power-set,R006,power set,himpunan kuasa,,,formal,R006 ch-vol1-intro.tex,admitted,
LEBL-TERM-0061,concept.set-theory.singleton,R006,singleton,himpunan beranggota tunggal,himpunan satu elemen,,formal,R006 ch-vol1-intro.tex,admitted,
LEBL-TERM-0062,concept.number.real,R006,real number,bilangan real,,,formal,R006 ch-real-nums.tex,admitted,
LEBL-TERM-0063,concept.order.ordered-set,R006,ordered set,himpunan terurut,,,formal,R006 ch-real-nums.tex,admitted,
LEBL-TERM-0064,concept.order.trichotomy,R006,trichotomy,trikotomi,,,formal,R006 ch-real-nums.tex,admitted,
LEBL-TERM-0065,concept.order.bounded-above,R006,bounded above,terbatas di atas,,,formal,R006 ch-real-nums.tex,admitted,
LEBL-TERM-0066,concept.order.upper-bound,R006,upper bound,batas atas,,,formal,R006 ch-real-nums.tex,admitted,
LEBL-TERM-0067,concept.order.bounded-below,R006,bounded below,terbatas di bawah,,,formal,R006 ch-real-nums.tex,admitted,
LEBL-TERM-0068,concept.order.lower-bound,R006,lower bound,batas bawah,,,formal,R006 ch-real-nums.tex,admitted,
LEBL-TERM-0069,concept.order.least-upper-bound,R006,least upper bound,batas atas terkecil,supremum,,formal,R006 ch-real-nums.tex,admitted,
LEBL-TERM-0070,concept.order.supremum,R006,supremum,supremum,batas atas terkecil,,formal,R006 ch-real-nums.tex,admitted,
LEBL-TERM-0071,concept.order.greatest-lower-bound,R006,greatest lower bound,batas bawah terbesar,infimum,,formal,R006 ch-real-nums.tex,admitted,
LEBL-TERM-0072,concept.order.infimum,R006,infimum,infimum,batas bawah terbesar,,formal,R006 ch-real-nums.tex,admitted,
LEBL-TERM-0073,concept.order.least-upper-bound-property,R006,least-upper-bound property,sifat batas atas terkecil,,,formal,R006 ch-real-nums.tex,admitted,
LEBL-TERM-0074,concept.order.completeness-property,R006,completeness property,sifat kelengkapan,sifat kelengkapan Dedekind,,formal,R006 ch-real-nums.tex,admitted,
LEBL-TERM-0075,concept.algebra.field,R006,field,lapangan,,,formal,R006 ch-real-nums.tex,admitted,
LEBL-TERM-0076,concept.algebra.ordered-field,R006,ordered field,lapangan terurut,,,formal,R006 ch-real-nums.tex,admitted,
LEBL-TERM-0077,concept.number.positive,R006,positive,positif,,,formal,R006 ch-real-nums.tex,admitted,
LEBL-TERM-0078,concept.number.negative,R006,negative,negatif,,,formal,R006 ch-real-nums.tex,admitted,
LEBL-TERM-0079,concept.number.nonnegative,R006,nonnegative,nonnegatif,taknegatif,,formal,R006 ch-real-nums.tex and ch-metric.tex,admitted,
LEBL-TERM-0080,concept.number.nonpositive,R006,nonpositive,nonpositif,,,formal,R006 ch-real-nums.tex,admitted,
LEBL-TERM-0081,concept.number.irrational,R006,irrational,irasional,,,formal,R006 ch-real-nums.tex,admitted,
LEBL-TERM-0082,concept.order.archimedean-property,R006,Archimedean property,Sifat Archimedes,sifat Archimedean,,formal,R006 ch-real-nums.tex,admitted,
LEBL-TERM-0083,concept.number.extended-real,R006,extended real numbers,bilangan real diperluas,,,formal,R006 ch-real-nums.tex,admitted,
LEBL-TERM-0084,concept.order.maximum,R006,maximum,maksimum,,,formal,R006 ch-real-nums.tex,admitted,
LEBL-TERM-0085,concept.order.minimum,R006,minimum,minimum,,,formal,R006 ch-real-nums.tex,admitted,
LEBL-TERM-0086,concept.inequality.arithmetic-geometric-mean,R006,arithmetic-geometric mean inequality,ketaksamaan rata-rata aritmetika-geometrik,,,formal,R006 ch-real-nums.tex,admitted,
LEBL-TERM-0087,concept.inequality.bernoulli,R006,Bernoulli's inequality,ketaksamaan Bernoulli,,,formal,R006 ch-real-nums.tex,admitted,
LEBL-TERM-0088,concept.order.dedekind-cut,R006,Dedekind cut,potongan Dedekind,,,formal,R006 ch-real-nums.tex,admitted,
LEBL-TERM-0089,concept.number.absolute-value,R006,absolute value,nilai mutlak,,,formal,R006 ch-real-nums.tex,admitted,
LEBL-TERM-0090,concept.inequality.triangle,R006,triangle inequality,ketaksamaan segitiga,,,formal,R006 ch-real-nums.tex,admitted,
LEBL-TERM-0091,concept.inequality.reverse-triangle,R006,reverse triangle inequality,ketaksamaan segitiga terbalik,,,formal,R006 ch-real-nums.tex,admitted,
LEBL-TERM-0092,concept.function.bounded,R006,bounded function,fungsi terbatas,,,formal,R006 ch-real-nums.tex,admitted,
LEBL-TERM-0093,concept.interval.open,R006,open interval,interval terbuka,,,formal,R006 ch-real-nums.tex,admitted,
LEBL-TERM-0094,concept.interval.closed,R006,closed interval,interval tertutup,,,formal,R006 ch-real-nums.tex,admitted,
LEBL-TERM-0095,concept.interval.half-open,R006,half-open interval,interval setengah terbuka,,,formal,R006 ch-real-nums.tex,admitted,
LEBL-TERM-0096,concept.interval.bounded,R006,bounded interval,interval terbatas,,,formal,R006 ch-real-nums.tex,admitted,
LEBL-TERM-0097,concept.interval.unbounded,R006,unbounded interval,interval tak terbatas,,,formal,R006 ch-real-nums.tex,admitted,
LEBL-TERM-0098,concept.set-theory.proper-subset,R006,proper subset,himpunan bagian sejati,subhimpunan sejati,,formal,R006 ch-vol1-intro.tex and ch-real-nums.tex,admitted,
LEBL-TERM-0099,concept.function.bijective-mapping,R006,bijective mapping,pemetaan bijektif,,,formal,R006 ch-real-nums.tex,admitted,
LEBL-TERM-0100,concept.proof.constructive,R006,constructive proof,bukti konstruktif,,,formal,R006 ch-real-nums.tex,admitted,
LEBL-TERM-0101,concept.set-theory.countable-intersection,R006,countable intersection,irisan terhitung,,,formal,R006 ch-real-nums.tex,admitted,
LEBL-TERM-0102,concept.set-theory.countable-union,R006,countable union,gabungan terhitung,,,formal,R006 ch-real-nums.tex,admitted,
LEBL-TERM-0103,concept.number.algebraic,R006,algebraic number,bilangan aljabar,,,formal,R006 ch-real-nums.tex,admitted,
LEBL-TERM-0104,concept.number.transcendental,R006,transcendental number,bilangan transenden,,,formal,R006 ch-real-nums.tex,admitted,
LEBL-TERM-0105,concept.number.decimal-representation,R006,decimal representation,representasi desimal,,,formal,R006 ch-real-nums.tex,admitted,
LEBL-TERM-0106,concept.number.decimal-digit,R006,decimal digit,digit desimal,,,formal,R006 ch-real-nums.tex,admitted,
LEBL-TERM-0107,concept.sequence.infinite-digit-sequence,R006,infinite sequence of digits,barisan digit tak berhingga,,,formal,R006 ch-real-nums.tex,admitted,
LEBL-TERM-0108,concept.number.decimal-truncation,R006,truncation,pemotongan,,,formal,R006 ch-real-nums.tex,admitted,
LEBL-TERM-0109,concept.representation.unique,R006,unique representation,representasi unik,,,formal,R006 ch-real-nums.tex,admitted,
LEBL-TERM-0110,concept.proof.cantor-diagonalization,R006,Cantor diagonalization,diagonalisasi Cantor,,,formal,R006 ch-real-nums.tex,admitted,
LEBL-TERM-0111,concept.arithmetic.quotient,R006,quotient,hasil bagi,,,formal,R006 ch-real-nums.tex,admitted,
LEBL-TERM-0112,concept.arithmetic.remainder,R006,remainder,sisa,,,formal,R006 ch-real-nums.tex,admitted,
LEBL-TERM-0113,concept.number.base-b,R006,base b,basis b,,,formal,R006 ch-real-nums.tex,admitted,
LEBL-TERM-0114,concept.number.binary,R006,binary,biner,,,formal,R006 ch-real-nums.tex,admitted,
LEBL-TERM-0115,concept.number.decimal-expansion,R006,decimal expansion,ekspansi desimal,,,formal,R006 ch-real-nums.tex,admitted,
LEBL-TERM-0116,concept.number.repeating-digit-period,R006,repeating digit period,periode digit berulang,,,formal,R006 ch-real-nums.tex,admitted,
LEBL-TERM-0117,concept.sequence-series,R006,sequences and series,barisan dan deret,,,formal,R006 ch-seq-ser.tex,admitted,
LEBL-TERM-0118,concept.sequence,R006,sequence,barisan,,,formal,R006 ch-seq-ser.tex,admitted,
LEBL-TERM-0119,concept.sequence.term,R006,term,suku,,,formal,R006 ch-seq-ser.tex,admitted,
LEBL-TERM-0120,concept.sequence.limit,R006,limit,limit,,,formal,R006 ch-seq-ser.tex,admitted,
LEBL-TERM-0121,concept.sequence.convergent,R006,convergent,konvergen,,,formal,R006 ch-seq-ser.tex,admitted,
LEBL-TERM-0122,concept.sequence.divergent,R006,divergent,divergen,,,formal,R006 ch-seq-ser.tex,admitted,
LEBL-TERM-0123,concept.sequence.bounded,R006,bounded sequence,barisan terbatas,,,formal,R006 ch-seq-ser.tex,admitted,
LEBL-TERM-0124,concept.sequence.bounded-above,R006,bounded above,terbatas di atas,,,formal,R006 ch-seq-ser.tex,admitted,
LEBL-TERM-0125,concept.sequence.bounded-below,R006,bounded below,terbatas di bawah,,,formal,R006 ch-seq-ser.tex,admitted,
LEBL-TERM-0126,concept.sequence.range,R006,range of a sequence,daerah hasil barisan,,,formal,R006 ch-seq-ser.tex,admitted,
LEBL-TERM-0127,concept.sequence.constant,R006,constant sequence,barisan konstan,,,formal,R006 ch-seq-ser.tex,admitted,
LEBL-TERM-0128,concept.inequality.triangle,R006,triangle inequality,ketaksamaan segitiga,,,formal,R006 ch-seq-ser.tex,admitted,
LEBL-TERM-0129,concept.set.finite,R006,finite set,himpunan berhingga,,,formal,R006 ch-seq-ser.tex,admitted,
LEBL-TERM-0130,concept.sequence.monotone,R006,monotone sequence,barisan monoton,barisan monotonik,,formal,R006 ch-seq-ser.tex,admitted,
LEBL-TERM-0131,concept.sequence.monotone-increasing,R006,monotone increasing sequence,barisan monoton naik,,,formal,R006 ch-seq-ser.tex,admitted,
LEBL-TERM-0132,concept.sequence.monotone-decreasing,R006,monotone decreasing sequence,barisan monoton turun,,,formal,R006 ch-seq-ser.tex,admitted,
LEBL-TERM-0133,concept.theorem.monotone-convergence,R006,monotone convergence theorem,teorema konvergensi monoton,,,formal,R006 ch-seq-ser.tex,admitted,
LEBL-TERM-0134,concept.sequence.tail,R006,tail of a sequence,ekor barisan,ekor-K,,formal,R006 ch-seq-ser.tex,admitted,
LEBL-TERM-0135,concept.sequence.subsequence,R006,subsequence,subbarisan,,,formal,R006 ch-seq-ser.tex,admitted,
LEBL-TERM-0136,concept.sequence.strictly-increasing-index,R006,strictly increasing sequence of natural numbers,barisan bilangan asli yang naik secara ketat,,,formal,R006 ch-seq-ser.tex,admitted,
LEBL-TERM-0137,concept.lemma.squeeze,R006,squeeze lemma,lemma apit,,,formal,R006 ch-seq-ser.tex,admitted,
LEBL-TERM-0138,concept.inequality.strict,R006,strict inequality,ketaksamaan ketat,,,formal,R006 ch-seq-ser.tex,admitted,
LEBL-TERM-0139,concept.inequality.nonstrict,R006,non-strict inequality,ketaksamaan tak ketat,,,formal,R006 ch-seq-ser.tex,admitted,
LEBL-TERM-0140,concept.operation.algebraic,R006,algebraic operations,operasi aljabar,,,formal,R006 ch-seq-ser.tex,admitted,
LEBL-TERM-0141,concept.continuity.algebraic-operations,R006,continuity of algebraic operations,kekontinuan operasi aljabar,,,formal,R006 ch-seq-ser.tex,admitted,
LEBL-TERM-0142,concept.inequality.reverse-triangle,R006,reverse triangle inequality,ketaksamaan segitiga terbalik,,,formal,R006 ch-seq-ser.tex,admitted,
LEBL-TERM-0143,concept.sequence.recursively-defined,R006,recursively defined sequence,barisan yang didefinisikan secara rekursif,,,formal,R006 ch-seq-ser.tex,admitted,
LEBL-TERM-0144,concept.definition.well-defined,R006,well-defined,terdefinisi dengan baik,,,formal,R006 ch-seq-ser.tex,admitted,
LEBL-TERM-0145,concept.method.newton,R006,Newton's method,metode Newton,,,formal,R006 ch-seq-ser.tex,admitted,
LEBL-TERM-0146,concept.test.convergence,R006,convergence test,uji konvergensi,,,formal,R006 ch-seq-ser.tex,admitted,
LEBL-TERM-0147,concept.test.ratio-sequences,R006,ratio test for sequences,uji rasio untuk barisan,,,formal,R006 ch-seq-ser.tex,admitted,
LEBL-TERM-0148,concept.denominator.common,R006,common denominator,penyebut bersama,,,formal,R006 ch-seq-ser.tex,admitted,
LEBL-TERM-0149,concept.limit.superior,R006,limit superior,limit superior,,,formal,R006 ch-seq-ser.tex,admitted,
LEBL-TERM-0150,concept.limit.inferior,R006,limit inferior,limit inferior,,,formal,R006 ch-seq-ser.tex,admitted,
LEBL-TERM-0151,concept.limit.subsequential,R006,subsequential limit,limit subbarisan,,,formal,R006 ch-seq-ser.tex,admitted,
LEBL-TERM-0152,concept.theorem.bolzano-weierstrass,R006,Bolzano--Weierstrass theorem,teorema Bolzano--Weierstrass,,,formal,R006 ch-seq-ser.tex,admitted,
LEBL-TERM-0153,concept.limit.infinite,R006,infinite limit,limit tak hingga,,,formal,R006 ch-seq-ser.tex,admitted,
LEBL-TERM-0154,concept.set.cluster-point,R006,cluster point,titik akumulasi,,,formal,R006 ch-seq-ser.tex,admitted,
LEBL-TERM-0155,concept.sequence.peak,R006,peak,puncak,,,formal,R006 ch-seq-ser.tex,admitted,
LEBL-TERM-0156,concept.cardinality.countably-infinite,R006,countably infinite,tak berhingga yang terhitung,,,formal,R006 ch-seq-ser.tex,admitted,
LEBL-TERM-0157,concept.series,R006,series,deret,,,formal,R006 ch-seq-ser.tex,admitted,
LEBL-TERM-0158,concept.series.partial-sum,R006,partial sum,jumlah parsial,jumlah-jumlah parsial,,formal,R006 ch-seq-ser.tex,admitted,
LEBL-TERM-0159,concept.series.geometric,R006,geometric series,deret geometri,,,formal,R006 ch-seq-ser.tex,admitted,
LEBL-TERM-0160,concept.series.tail,R006,tail of a series,ekor deret,,,formal,R006 ch-seq-ser.tex,admitted,
LEBL-TERM-0161,concept.series.cauchy,R006,Cauchy series,deret Cauchy,,,formal,R006 ch-seq-ser.tex,admitted,
LEBL-TERM-0162,concept.series.harmonic,R006,harmonic series,deret harmonik,,,formal,R006 ch-seq-ser.tex,admitted,
LEBL-TERM-0163,concept.series.linearity,R006,linearity of series,linearitas deret,,,formal,R006 ch-seq-ser.tex,admitted,
LEBL-TERM-0164,concept.series.absolute-convergence,R006,absolute convergence,konvergensi mutlak,konvergen mutlak,,formal,R006 ch-seq-ser.tex,admitted,
LEBL-TERM-0165,concept.series.conditional-convergence,R006,conditional convergence,konvergensi bersyarat,konvergen bersyarat,,formal,R006 ch-seq-ser.tex,admitted,
LEBL-TERM-0166,concept.sequence.cauchy,R006,Cauchy sequence,barisan Cauchy,,,formal,R006 ch-seq-ser.tex,admitted,
LEBL-TERM-0167,concept.criterion.cauchy,R006,Cauchy criterion,kriteria Cauchy,,,formal,R006 ch-seq-ser.tex,admitted,
LEBL-TERM-0168,concept.completeness.cauchy,R006,Cauchy complete,lengkap secara Cauchy,,,formal,R006 ch-seq-ser.tex,admitted,
LEBL-TERM-0169,concept.completeness,R006,completeness,kelengkapan,,,formal,R006 ch-seq-ser.tex,admitted,
LEBL-TERM-0170,concept.test.comparison-series,R006,comparison test,uji perbandingan,,,formal,R006 ch-seq-ser.tex,admitted,
LEBL-TERM-0171,concept.series.p-series,R006,p-series,deret-p,,,formal,R006 ch-seq-ser.tex,admitted,
LEBL-TERM-0172,concept.test.p-series,R006,p-test,uji-p,uji deret-p,,formal,R006 ch-seq-ser.tex,admitted,
LEBL-TERM-0173,concept.function.riemann-zeta,R006,Riemann zeta function,fungsi zeta Riemann,,,formal,R006 ch-seq-ser.tex,admitted,
LEBL-TERM-0174,concept.test.ratio-series,R006,ratio test for series,uji rasio untuk deret,,,formal,R006 ch-seq-ser.tex,admitted,
LEBL-TERM-0175,concept.test.limit-comparison,R006,limit comparison test,uji perbandingan limit,,,formal,R006 ch-seq-ser.tex,admitted,
LEBL-TERM-0176,concept.principle.cauchy-condensation,R006,Cauchy condensation principle,prinsip kondensasi Cauchy,,,formal,R006 ch-seq-ser.tex,admitted,
LEBL-TERM-0177,concept.theorem.abel,R006,Abel's theorem,teorema Abel,,,formal,R006 ch-seq-ser.tex,admitted,
LEBL-TERM-0178,concept.test.root,R006,root test,uji akar,,,formal,R006 ch-seq-ser.tex,admitted,
LEBL-TERM-0179,concept.series.alternating,R006,alternating series,deret berselang-seling,,,formal,R006 ch-seq-ser.tex,admitted,
LEBL-TERM-0180,concept.test.alternating-series,R006,alternating series test,uji deret berselang-seling,,,formal,R006 ch-seq-ser.tex,admitted,
LEBL-TERM-0181,concept.series.rearrangement,R006,rearrangement of a series,penyusunan ulang deret,,,formal,R006 ch-seq-ser.tex,admitted,
LEBL-TERM-0182,concept.theorem.mertens,R006,Mertens' theorem,teorema Mertens,,,formal,R006 ch-seq-ser.tex,admitted,
LEBL-TERM-0183,concept.series.cauchy-product,R006,Cauchy product,hasil kali Cauchy,,,formal,R006 ch-seq-ser.tex,admitted,
LEBL-TERM-0184,concept.series.multiplication,R006,multiplication of series,perkalian deret,,,formal,R006 ch-seq-ser.tex,admitted,
LEBL-TERM-0185,concept.series.power,R006,power series,deret pangkat,,,formal,R006 ch-seq-ser.tex,admitted,
LEBL-TERM-0186,concept.series.radius-of-convergence,R006,radius of convergence,jari-jari konvergensi,,,formal,R006 ch-seq-ser.tex,admitted,
LEBL-TERM-0187,concept.function.rational,R006,rational function,fungsi rasional,,,formal,R006 ch-seq-ser.tex,admitted,
LEBL-TERM-0188,concept.function.continuous,R006,continuous function,fungsi kontinu,,,formal,R006 ch-contfunc.tex,admitted,
LEBL-TERM-0189,concept.function.continuity,R006,continuity,kekontinuan,,,formal,R006 ch-contfunc.tex,admitted,
LEBL-TERM-0190,concept.limit.function,R006,limit of a function,limit fungsi,,,formal,R006 ch-contfunc.tex,admitted,
LEBL-TERM-0191,concept.function.restriction,R006,restriction,pembatasan,,,formal,R006 ch-contfunc.tex,admitted,
LEBL-TERM-0192,concept.limit.one-sided,R006,one-sided limit,limit sepihak,,,formal,R006 ch-contfunc.tex,admitted,
LEBL-TERM-0193,concept.series.cesaro-summability,R006,Cesaro summability,keterjumlahan Cesaro,,,formal,R006 ch-seq-ser.tex,admitted,TeX source retains the grave-accented proper name form in index markup
LEBL-TERM-0194,concept.theorem.fubini-sums,R006,Fubini for sums,Fubini untuk penjumlahan,,,formal,R006 ch-seq-ser.tex,admitted,
LEBL-TERM-0195,concept.theorem.tonelli-sums,R006,Tonelli for sums,Tonelli untuk penjumlahan,,,formal,R006 ch-seq-ser.tex,admitted,
LEBL-TERM-0196,concept.limit.sequential,R006,sequential limit,limit sekuensial,,,formal,R006 ch-contfunc.tex,admitted,
LEBL-TERM-0197,concept.function.discontinuous,R006,discontinuous,diskontinu,,,formal,R006 ch-contfunc.tex,admitted,
LEBL-TERM-0198,concept.function.discontinuity,R006,discontinuity,diskontinuitas,,,formal,R006 ch-contfunc.tex,admitted,
LEBL-TERM-0199,concept.function.dirichlet,R006,Dirichlet function,fungsi Dirichlet,,,formal,R006 ch-contfunc.tex,admitted,
LEBL-TERM-0200,concept.function.thomae,R006,Thomae function,fungsi Thomae,,,formal,R006 ch-contfunc.tex,admitted,
LEBL-TERM-0201,concept.function.popcorn,R006,popcorn function,fungsi popcorn,,,formal,R006 ch-contfunc.tex,admitted,
LEBL-TERM-0202,concept.discontinuity.removable,R006,removable discontinuity,diskontinuitas yang dapat dihilangkan,,,formal,R006 ch-contfunc.tex,admitted,
LEBL-TERM-0203,concept.function.convex,R006,convex function,fungsi konveks,,,formal,R006 ch-contfunc.tex,admitted,
LEBL-TERM-0204,concept.extremum.absolute-minimum,R006,absolute minimum,minimum mutlak,,,formal,R006 ch-contfunc.tex,admitted,
LEBL-TERM-0205,concept.extremum.absolute-maximum,R006,absolute maximum,maksimum mutlak,,,formal,R006 ch-contfunc.tex,admitted,
LEBL-TERM-0206,concept.theorem.extreme-value,R006,extreme value theorem,teorema nilai ekstrem,teorema minimum-maksimum; teorema maksimum-minimum,,formal,R006 ch-contfunc.tex,admitted,
LEBL-TERM-0207,concept.theorem.bolzano-intermediate-value,R006,Bolzano intermediate value theorem,teorema nilai antara Bolzano,,,formal,R006 ch-contfunc.tex,admitted,
LEBL-TERM-0208,concept.method.bisection,R006,bisection method,metode biseksi,,,formal,R006 ch-contfunc.tex,admitted,
LEBL-TERM-0209,concept.polynomial.monic,R006,monic polynomial,polinom monik,,,formal,R006 ch-contfunc.tex,admitted,
LEBL-TERM-0210,concept.function.intermediate-value-property,R006,intermediate value property,sifat nilai antara,,,formal,R006 ch-contfunc.tex,admitted,
LEBL-TERM-0211,concept.function.direct-image,R006,direct image,citra langsung,,,formal,R006 ch-contfunc.tex,admitted,
LEBL-TERM-0212,concept.function.uniform-continuity,R006,uniform continuity,kekontinuan seragam,,,formal,R006 ch-contfunc.tex,admitted,
LEBL-TERM-0213,concept.function.uniformly-continuous,R006,uniformly continuous,kontinu seragam,,,formal,R006 ch-contfunc.tex,admitted,
LEBL-TERM-0214,concept.function.continuous-extension,R006,continuous extension,perluasan kontinu,,,formal,R006 ch-contfunc.tex,admitted,
LEBL-TERM-0215,concept.singularity.removable,R006,removable singularity,singularitas yang dapat dihilangkan,,,formal,R006 ch-contfunc.tex,admitted,
LEBL-TERM-0216,concept.function.lipschitz-continuous,R006,Lipschitz continuous,kontinu Lipschitz,,,formal,R006 ch-contfunc.tex,admitted,
LEBL-TERM-0217,concept.line.secant,R006,secant line,garis sekan,,,formal,R006 ch-contfunc.tex,admitted,
LEBL-TERM-0218,concept.function.locally-lipschitz,R006,locally Lipschitz,Lipschitz lokal,,,formal,R006 ch-contfunc.tex,admitted,
LEBL-TERM-0219,concept.limit.function-at-infinity,R006,limit of a function at infinity,limit fungsi di tak hingga,limit di tak hingga,,formal,R006 ch-contfunc.tex,admitted,
LEBL-TERM-0220,concept.limit.infinite,R006,infinite limit,limit tak hingga,,,formal,R006 ch-contfunc.tex,admitted,
LEBL-TERM-0221,concept.divergence.to-infinity,R006,diverges to infinity,divergen ke tak hingga,,,formal,R006 ch-contfunc.tex,admitted,
LEBL-TERM-0222,concept.convergence.to-infinity-informal,R006,converges to infinity,konvergen ke tak hingga,,,qualified,R006 ch-contfunc.tex,admitted,The source explicitly identifies this wording as slightly incorrect in the present context
LEBL-TERM-0223,concept.function.increasing,R006,increasing,monoton naik,,,formal,R006 ch-contfunc.tex,admitted,
LEBL-TERM-0224,concept.function.strictly-increasing,R006,strictly increasing,naik tegas,,,formal,R006 ch-contfunc.tex,admitted,
LEBL-TERM-0225,concept.function.decreasing,R006,decreasing,monoton turun,,,formal,R006 ch-contfunc.tex,admitted,
LEBL-TERM-0226,concept.function.strictly-decreasing,R006,strictly decreasing,turun tegas,,,formal,R006 ch-contfunc.tex,admitted,
LEBL-TERM-0227,concept.function.monotone,R006,monotone function,fungsi monoton,,,formal,R006 ch-contfunc.tex,admitted,
LEBL-TERM-0228,concept.function.strictly-monotone,R006,strictly monotone function,fungsi monoton tegas,,,formal,R006 ch-contfunc.tex,admitted,
LEBL-TERM-0229,concept.function.nondecreasing,R006,nondecreasing,tak menurun,,,formal,R006 ch-contfunc.tex,admitted,
LEBL-TERM-0230,concept.function.nonincreasing,R006,nonincreasing,tak menaik,,,formal,R006 ch-contfunc.tex,admitted,
LEBL-TERM-0231,concept.calculus.differentiable,R006,differentiable,diferensiabel,,,formal,R006 ch-der.tex,admitted,
LEBL-TERM-0232,concept.calculus.differentiability,R006,differentiability,keterdiferensialan,,,formal,R006 ch-der.tex,admitted,
LEBL-TERM-0233,concept.calculus.derivative,R006,derivative,turunan,,,formal,R006 ch-der.tex,admitted,
LEBL-TERM-0234,concept.calculus.difference-quotient,R006,difference quotient,hasil bagi selisih,,,formal,R006 ch-der.tex,admitted,
LEBL-TERM-0235,concept.line.tangent,R006,tangent line,garis singgung,,,formal,R006 ch-der.tex,admitted,
LEBL-TERM-0236,concept.function.affine,R006,affine function,fungsi afin,,,formal,R006 ch-der.tex,admitted,
LEBL-TERM-0237,concept.calculus.derivative-linearity,R006,linearity of the derivative,linearitas turunan,,,formal,R006 ch-der.tex,admitted,
LEBL-TERM-0238,concept.calculus.product-rule,R006,product rule,aturan hasil kali,,,formal,R006 ch-der.tex,admitted,
LEBL-TERM-0239,concept.calculus.leibniz-rule,R006,Leibniz rule,aturan Leibniz,,,formal,R006 ch-der.tex,admitted,
LEBL-TERM-0240,concept.calculus.quotient-rule,R006,quotient rule,aturan hasil bagi,,,formal,R006 ch-der.tex,admitted,
LEBL-TERM-0241,concept.calculus.chain-rule,R006,chain rule,aturan rantai,,,formal,R006 ch-der.tex,admitted,
LEBL-TERM-0242,concept.extremum.relative-minimum,R006,relative minimum,minimum relatif,minimum lokal,,formal,R006 ch-der.tex,admitted,
LEBL-TERM-0243,concept.extremum.relative-maximum,R006,relative maximum,maksimum relatif,maksimum lokal,,formal,R006 ch-der.tex,admitted,
LEBL-TERM-0244,concept.theorem.rolle,R006,Rolle's theorem,teorema Rolle,,,formal,R006 ch-der.tex,admitted,
LEBL-TERM-0245,concept.theorem.mean-value,R006,mean value theorem,teorema nilai rata-rata,,,formal,R006 ch-der.tex,admitted,
LEBL-TERM-0246,concept.theorem.darboux,R006,Darboux's theorem,teorema Darboux,,,formal,R006 ch-der.tex,admitted,
LEBL-TERM-0247,concept.calculus.continuously-differentiable,R006,continuously differentiable,diferensiabel secara kontinu,,,formal,R006 ch-der.tex,admitted,
LEBL-TERM-0248,concept.calculus.higher-order-derivative,R006,higher-order derivative,turunan berorde lebih tinggi,turunan tingkat tinggi,,formal,R006 ch-der.tex,admitted,
LEBL-TERM-0249,concept.calculus.first-derivative,R006,first derivative,turunan pertama,,,formal,R006 ch-der.tex,admitted,
LEBL-TERM-0250,concept.calculus.second-derivative,R006,second derivative,turunan kedua,,,formal,R006 ch-der.tex,admitted,
LEBL-TERM-0251,concept.calculus.nth-derivative,R006,nth derivative,turunan ke-n,,,formal,R006 ch-der.tex,admitted,
LEBL-TERM-0252,concept.calculus.taylor-polynomial,R006,Taylor polynomial,polinom Taylor,,,formal,R006 ch-der.tex,admitted,
LEBL-TERM-0253,concept.calculus.remainder-term,R006,remainder term,suku sisa,,,formal,R006 ch-der.tex,admitted,
LEBL-TERM-0254,concept.calculus.lagrange-form,R006,Lagrange form,bentuk Lagrange,,,formal,R006 ch-der.tex,admitted,
LEBL-TERM-0255,concept.calculus.infinitely-differentiable,R006,infinitely differentiable,diferensiabel tak berhingga kali,,,formal,R006 ch-der.tex,admitted,
LEBL-TERM-0256,concept.calculus.taylor-series,R006,Taylor series,deret Taylor,,,formal,R006 ch-der.tex,admitted,
LEBL-TERM-0257,concept.function.analytic,R006,analytic function,fungsi analitik,,,formal,R006 ch-der.tex,admitted,
LEBL-TERM-0258,concept.extremum.strict-relative-minimum,R006,strict relative minimum,minimum relatif ketat,,,formal,R006 ch-der.tex,admitted,
LEBL-TERM-0259,concept.extremum.strict-relative-maximum,R006,strict relative maximum,maksimum relatif ketat,,,formal,R006 ch-der.tex,admitted,
LEBL-TERM-0260,concept.calculus.second-derivative-test,R006,second derivative test,uji turunan kedua,,,formal,R006 ch-der.tex,admitted,
LEBL-TERM-0261,concept.theorem.inverse-function,R006,inverse function theorem,teorema fungsi invers,,,formal,R006 ch-der.tex,admitted,
LEBL-TERM-0262,concept.number.nth-root,R006,nth root,akar pangkat n,akar ke-n,,formal,R006 ch-der.tex,admitted,
LEBL-TERM-0263,concept.integration.riemann-integral,R006,Riemann integral,integral Riemann,,,formal,R006 ch-riemann.tex,admitted,
LEBL-TERM-0264,concept.integration.antiderivative,R006,antiderivative,antiturunan,,,formal,R006 ch-riemann.tex,admitted,
LEBL-TERM-0265,concept.integration.darboux-integral,R006,Darboux integral,integral Darboux,,,formal,R006 ch-riemann.tex,admitted,
LEBL-TERM-0266,concept.integration.partition,R006,partition,partisi,,,formal,R006 ch-riemann.tex,admitted,
LEBL-TERM-0267,concept.integration.lower-darboux-sum,R006,lower Darboux sum,jumlah Darboux bawah,,,formal,R006 ch-riemann.tex,admitted,
LEBL-TERM-0268,concept.integration.upper-darboux-sum,R006,upper Darboux sum,jumlah Darboux atas,,,formal,R006 ch-riemann.tex,admitted,
LEBL-TERM-0269,concept.integration.lower-darboux-integral,R006,lower Darboux integral,integral Darboux bawah,,,formal,R006 ch-riemann.tex,admitted,
LEBL-TERM-0270,concept.integration.upper-darboux-integral,R006,upper Darboux integral,integral Darboux atas,,,formal,R006 ch-riemann.tex,admitted,
LEBL-TERM-0271,concept.integration.partition-refinement,R006,refinement of a partition,penghalusan partisi,,,formal,R006 ch-riemann.tex,admitted,
LEBL-TERM-0272,concept.integration.riemann-integrable,R006,Riemann integrable,terintegralkan secara Riemann,terintegralkan Riemann,,formal,R006 ch-riemann.tex,admitted,
LEBL-TERM-0273,concept.function.step-function,R006,step function,fungsi tangga,,,formal,R006 ch-riemann.tex,admitted,
LEBL-TERM-0274,concept.sum.telescoping,R006,telescoping sum,jumlah teleskopik,,,formal,R006 ch-riemann.tex,admitted,
LEBL-TERM-0275,concept.integration.additivity,R006,additivity of the integral,aditivitas integral,sifat aditif integral,,formal,R006 ch-riemann.tex,admitted,
LEBL-TERM-0276,concept.integration.linearity,R006,linearity of the integral,linearitas integral,,,formal,R006 ch-riemann.tex,admitted,
LEBL-TERM-0277,concept.integration.monotonicity,R006,monotonicity of the integral,kemonotonan integral,,,formal,R006 ch-riemann.tex,admitted,
LEBL-TERM-0278,concept.function.finitely-many-discontinuities,R006,finitely many discontinuities,berhingga banyak diskontinuitas,,,formal,R006 ch-riemann.tex,admitted,
LEBL-TERM-0279,concept.calculus.fundamental-theorem,R006,fundamental theorem of calculus,teorema dasar kalkulus,,,formal,R006 ch-riemann.tex,admitted,
LEBL-TERM-0280,concept.calculus.fundamental-theorem-first-form,R006,first form of the fundamental theorem,bentuk pertama teorema dasar kalkulus,,,formal,R006 ch-riemann.tex,admitted,
LEBL-TERM-0281,concept.calculus.fundamental-theorem-second-form,R006,second form of the fundamental theorem,bentuk kedua teorema dasar kalkulus,,,formal,R006 ch-riemann.tex,admitted,
LEBL-TERM-0282,concept.integration.change-of-variables,R006,change of variables,penggantian variabel,,,formal,R006 ch-riemann.tex,admitted,
LEBL-TERM-0283,concept.integration.integration-by-parts,R006,integration by parts,integrasi parsial,,,formal,R006 ch-riemann.tex,admitted,
LEBL-TERM-0284,concept.function.odd,R006,odd function,fungsi ganjil,,,formal,R006 ch-riemann.tex,admitted,
LEBL-TERM-0285,concept.function.even,R006,even function,fungsi genap,,,formal,R006 ch-riemann.tex,admitted,
LEBL-TERM-0286,concept.function.logarithm,R006,logarithm,logaritma,,,formal,R006 ch-riemann.tex,admitted,
LEBL-TERM-0287,concept.function.natural-logarithm,R006,natural logarithm,logaritma alami,logaritma natural,,formal,R006 ch-riemann.tex and notations.tex,admitted,
LEBL-TERM-0288,concept.function.exponential,R006,exponential function,fungsi eksponensial,,,formal,R006 ch-riemann.tex,admitted,
LEBL-TERM-0289,concept.integration.improper-integral,R006,improper integral,integral tak wajar,,,formal,R006 ch-riemann.tex,admitted,
LEBL-TERM-0290,concept.integration.p-test,R006,integral p-test,uji-$p$ untuk integral,,,formal,R006 ch-riemann.tex,admitted,
LEBL-TERM-0291,concept.integration.cauchy-principal-value,R006,Cauchy principal value,nilai utama Cauchy,,,formal,R006 ch-riemann.tex,admitted,
LEBL-TERM-0292,concept.integration.convolution,R006,convolution,konvolusi,,,formal,R006 ch-riemann.tex,admitted,
LEBL-TERM-0293,concept.transform.laplace,R006,Laplace transform,transformasi Laplace,,,formal,R006 ch-riemann.tex,admitted,
LEBL-TERM-0294,concept.transform.fourier-sine,R006,Fourier sine transform,transformasi sinus Fourier,,,formal,R006 ch-riemann.tex,admitted,
LEBL-TERM-0295,concept.transform.fourier-cosine,R006,Fourier cosine transform,transformasi kosinus Fourier,,,formal,R006 ch-riemann.tex,admitted,
LEBL-TERM-0296,concept.series.integral-test,R006,integral test for series,uji integral untuk deret,,,formal,R006 ch-riemann.tex,admitted,
LEBL-TERM-0297,concept.function.sinc,R006,sinc function,fungsi sinc,,,formal,R006 ch-riemann.tex,admitted,
LEBL-TERM-0298,concept.convergence.pointwise,R006,pointwise convergence,konvergensi titik demi titik,,,formal,R006 ch-seq-funcs.tex,admitted,
LEBL-TERM-0299,concept.convergence.uniform,R006,uniform convergence,konvergensi seragam,,,formal,R006 ch-seq-funcs.tex,admitted,
LEBL-TERM-0300,concept.norm.uniform,R006,uniform norm,norma seragam,,,formal,R006 ch-seq-funcs.tex,admitted,
LEBL-TERM-0301,concept.norm.supremum,R006,supremum norm,norma supremum,,,formal,R006 ch-seq-funcs.tex,admitted,
LEBL-TERM-0302,concept.norm.infinity,R006,infinity norm,norma tak hingga,,,formal,R006 ch-seq-funcs.tex,admitted,
LEBL-TERM-0303,concept.cauchy.uniform,R006,uniformly Cauchy,Cauchy secara seragam,,,formal,R006 ch-seq-funcs.tex,admitted,
LEBL-TERM-0304,concept.convergence.uniform-on-compact-subsets,R006,uniform convergence on compact subsets,konvergensi seragam pada subhimpunan kompak,,,formal,R006 ch-seq-funcs.tex,admitted,
LEBL-TERM-0305,concept.limit.joint,R006,joint limit,limit bersama,,,formal,R006 ch-seq-funcs.tex,admitted,
LEBL-TERM-0306,concept.theorem.dini,R006,Dini theorem,teorema Dini,,,formal,R006 ch-seq-funcs.tex,admitted,
LEBL-TERM-0307,concept.equation.differential,R006,differential equation,persamaan diferensial,,,formal,R006 ch-seq-funcs.tex,admitted,
LEBL-TERM-0308,concept.equation.ordinary-differential,R006,ordinary differential equation,persamaan diferensial biasa,,,formal,R006 ch-seq-funcs.tex,admitted,
LEBL-TERM-0309,concept.equation.first-order-ordinary-differential,R006,first-order ordinary differential equation,persamaan diferensial biasa orde satu,,,formal,R006 ch-seq-funcs.tex,admitted,
LEBL-TERM-0310,concept.initial-condition,R006,initial condition,syarat awal,,,formal,R006 ch-seq-funcs.tex,admitted,
LEBL-TERM-0311,concept.slope-field,R006,slope field,medan kemiringan,,,formal,R006 ch-seq-funcs.tex,admitted,
LEBL-TERM-0312,concept.theorem.picard,R006,Picard theorem,teorema Picard,,,formal,R006 ch-seq-funcs.tex,admitted,
LEBL-TERM-0313,concept.iteration.picard,R006,Picard iteration,iterasi Picard,,,formal,R006 ch-seq-funcs.tex,admitted,
LEBL-TERM-0314,concept.iterate.picard,R006,Picard iterate,iterat Picard,,,formal,R006 ch-seq-funcs.tex,admitted,
LEBL-TERM-0315,concept.theorem.existence-uniqueness,R006,existence and uniqueness theorem,teorema eksistensi dan ketunggalan,,,formal,R006 ch-seq-funcs.tex,admitted,
LEBL-TERM-0316,concept.theorem.peano-existence,R006,Peano existence theorem,teorema eksistensi Peano,,,formal,R006 ch-seq-funcs.tex,admitted,
LEBL-TERM-0317,concept.function.heaviside,R006,Heaviside function,fungsi Heaviside,,,formal,R006 ch-seq-funcs.tex,admitted,
LEBL-TERM-0318,concept.solution.weak,R006,weak solution,solusi lemah,,,formal,R006 ch-seq-funcs.tex,admitted,
LEBL-TERM-0319,concept.equation.linear-first-order-differential,R006,linear first-order differential equation,persamaan diferensial linear orde satu,,,formal,R006 ch-seq-funcs.tex,admitted,
LEBL-TERM-0320,concept.integrating-factor,R006,integrating factor,faktor integrasi,,,formal,R006 ch-seq-funcs.tex,admitted,
LEBL-TERM-0321,concept.metric-space,R006,metric space,ruang metrik,,,formal,R006 ch-metric.tex,admitted,
LEBL-TERM-0322,concept.metric,R006,metric,metrik,,,formal,R006 ch-metric.tex,admitted,
LEBL-TERM-0323,concept.distance-function,R006,distance function,fungsi jarak,,,formal,R006 ch-metric.tex,admitted,
LEBL-TERM-0324,concept.metric.nonnegativity,R006,nonnegativity of a metric,sifat taknegatif metrik,,,formal,R006 ch-metric.tex,admitted,
LEBL-TERM-0325,concept.metric.identity-indiscernibles,R006,identity of indiscernibles,identitas unsur yang tak terbedakan,,,formal,R006 ch-metric.tex,admitted,
LEBL-TERM-0326,concept.inequality.triangle,R006,triangle inequality,ketaksamaan segitiga,,,formal,R006 ch-metric.tex,admitted,
LEBL-TERM-0327,concept.metric.standard,R006,standard metric,metrik standar,,,formal,R006 ch-metric.tex,admitted,
LEBL-TERM-0328,concept.space.euclidean,R006,euclidean space,ruang Euklides,,,formal,R006 ch-metric.tex,admitted,
LEBL-TERM-0329,concept.inequality.cauchy-schwarz,R006,Cauchy--Schwarz inequality,ketaksamaan Cauchy--Schwarz,,,formal,R006 ch-metric.tex,admitted,
LEBL-TERM-0330,concept.metric.discrete,R006,discrete metric,metrik diskret,,,formal,R006 ch-metric.tex,admitted,
LEBL-TERM-0331,concept.distance.great-circle,R006,great circle distance,jarak lingkaran besar,,,formal,R006 ch-metric.tex,admitted,
LEBL-TERM-0332,concept.subspace,R006,subspace,subruang,,,formal,R006 ch-metric.tex,admitted,
LEBL-TERM-0333,concept.metric.subspace,R006,subspace metric,metrik subruang,,,formal,R006 ch-metric.tex,admitted,
LEBL-TERM-0334,concept.topology.subspace,R006,subspace topology,topologi subruang,,,formal,R006 ch-metric.tex,admitted,
LEBL-TERM-0335,concept.set.bounded,R006,bounded set,himpunan terbatas,,,formal,R006 ch-metric.tex,admitted,
LEBL-TERM-0336,concept.set.diameter,R006,diameter,diameter,,,formal,R006 ch-metric.tex,admitted,
LEBL-TERM-0337,concept.ball.open,R006,open ball,bola terbuka,,,formal,R006 ch-metric.tex,admitted,
LEBL-TERM-0338,concept.ball.closed,R006,closed ball,bola tertutup,,,formal,R006 ch-metric.tex,admitted,
LEBL-TERM-0339,concept.set.open,R006,open set,himpunan terbuka,,,formal,R006 ch-metric.tex,admitted,
LEBL-TERM-0340,concept.set.closed,R006,closed set,himpunan tertutup,,,formal,R006 ch-metric.tex,admitted,
LEBL-TERM-0341,concept.neighborhood.open,R006,open neighborhood,lingkungan terbuka,,,formal,R006 ch-metric.tex,admitted,
LEBL-TERM-0342,concept.topology,R006,topology,topologi,,,formal,R006 ch-metric.tex,admitted,
LEBL-TERM-0343,concept.set.connected,R006,connected set,himpunan terhubung,,,formal,R006 ch-metric.tex,admitted,
LEBL-TERM-0344,concept.space.connected,R006,connected space,ruang terhubung,,,formal,R006 ch-metric.tex,admitted,
LEBL-TERM-0345,concept.set.disconnected,R006,disconnected set,himpunan tak terhubung,,,formal,R006 ch-metric.tex,admitted,
LEBL-TERM-0346,concept.set.clopen,R006,clopen set,himpunan terbuka-tertutup,,,formal,R006 ch-metric.tex,admitted,
LEBL-TERM-0347,concept.space.totally-separated,R006,totally separated,terpisah total,,,formal,R006 ch-metric.tex,admitted,
LEBL-TERM-0348,concept.set.closure,R006,closure,penutupan,,,formal,R006 ch-metric.tex,admitted,
LEBL-TERM-0349,concept.set.interior,R006,interior,bagian dalam,,,formal,R006 ch-metric.tex,admitted,
LEBL-TERM-0350,concept.set.boundary,R006,boundary,batas,,,formal,R006 ch-metric.tex,admitted,
LEBL-TERM-0351,concept.set.dense,R006,dense set,himpunan rapat,,,formal,R006 ch-metric.tex,admitted,
LEBL-TERM-0352,concept.compactness,R006,compactness,kekompakan,,,formal,R006 ch-metric.tex,admitted,
LEBL-TERM-0353,concept.set.compact,R006,compact set,himpunan kompak,,,formal,R006 ch-metric.tex,admitted,
LEBL-TERM-0354,concept.cover.open,R006,open cover,selimut terbuka,,,formal,R006 ch-metric.tex,admitted,
LEBL-TERM-0355,concept.cover.subcover,R006,subcover,subselimut,,,formal,R006 ch-metric.tex,admitted,
LEBL-TERM-0356,concept.compactness.sequential,R006,sequentially compact,kompak secara sekuensial,,,formal,R006 ch-metric.tex,admitted,
LEBL-TERM-0357,concept.number.lebesgue,R006,Lebesgue number,bilangan Lebesgue,,,formal,R006 ch-metric.tex,admitted,
LEBL-TERM-0358,concept.boundedness.total,R006,totally bounded,terbatas total,,,formal,R006 ch-metric.tex,admitted,
LEBL-TERM-0359,concept.compactness.relative,R006,relatively compact,relatif kompak,,,formal,R006 ch-metric.tex,admitted,
LEBL-TERM-0360,concept.set.zero-set,R006,zero set,himpunan nol,,,formal,R006 ch-metric.tex,admitted,
LEBL-TERM-0361,concept.geometry.algebraic,R006,algebraic geometry,geometri aljabar,,,formal,R006 ch-metric.tex,admitted,
LEBL-TERM-0362,concept.map.proper,R006,proper map,proper,pemetaan proper,,formal,R006 ch-metric.tex,admitted,Technical loan retained in the indexed exercise term.
LEBL-TERM-0363,concept.function.evaluation,R006,evaluation function,fungsi evaluasi,,,formal,R006 ch-metric.tex,admitted,
LEBL-TERM-0364,concept.operator.differentiation,R006,differentiation operator,operator diferensiasi,,,formal,R006 ch-metric.tex,admitted,
LEBL-TERM-0365,concept.mapping.contraction,R006,contraction mapping,pemetaan kontraksi,kontraksi;pemetaan kontraktif,,formal,R006 ch-metric.tex,admitted,
LEBL-TERM-0366,concept.fixed-point,R006,fixed point,titik tetap,,,formal,R006 ch-metric.tex,admitted,
LEBL-TERM-0367,concept.principle.contraction-mapping,R006,contraction mapping principle,prinsip pemetaan kontraksi,,,formal,R006 ch-metric.tex,admitted,
LEBL-TERM-0368,concept.theorem.banach-fixed-point,R006,Banach fixed point theorem,teorema titik tetap Banach,,,formal,R006 ch-metric.tex,admitted,
LEBL-TERM-0369,concept.calculus.several-variables,R006,several variables,beberapa variabel,multivariabel,,formal,R006 ch-several-vars-ders.tex,admitted,
LEBL-TERM-0370,concept.calculus.partial-derivative,R006,partial derivative,turunan parsial,,,formal,R006 ch-several-vars-ders.tex,admitted,
LEBL-TERM-0371,concept.vector,R006,vector,vektor,,,formal,R006 ch-several-vars-ders.tex,admitted,
LEBL-TERM-0372,concept.vector.column,R006,column vector,vektor kolom,,,formal,R006 ch-several-vars-ders.tex,admitted,
LEBL-TERM-0373,concept.scalar,R006,scalar,skalar,,,formal,R006 ch-several-vars-ders.tex,admitted,
LEBL-TERM-0374,concept.space.vector,R006,vector space,ruang vektor,,,formal,R006 ch-several-vars-ders.tex,admitted,
LEBL-TERM-0375,concept.space.vector-real,R006,real vector space,ruang vektor real,,,formal,R006 ch-several-vars-ders.tex,admitted,
LEBL-TERM-0376,concept.operation.scalar-multiplication,R006,scalar multiplication,perkalian skalar,,,formal,R006 ch-several-vars-ders.tex,admitted,
LEBL-TERM-0377,concept.space.vector-subspace,R006,vector subspace,subruang vektor,subruang,,formal,R006 ch-several-vars-ders.tex,admitted,
LEBL-TERM-0378,concept.dimension.finite,R006,finite-dimensional,berdimensi hingga,,,formal,R006 ch-several-vars-ders.tex,admitted,
LEBL-TERM-0379,concept.combination.linear,R006,linear combination,kombinasi linear,,,formal,R006 ch-several-vars-ders.tex,admitted,
LEBL-TERM-0380,concept.span.linear,R006,span,rentang,merentang,,formal,R006 ch-several-vars-ders.tex,admitted,Use rentang as the noun and merentang as the verb; distinguish from function range.
LEBL-TERM-0381,concept.independence.linear,R006,linearly independent,bebas linear,,,formal,R006 ch-several-vars-ders.tex,admitted,
LEBL-TERM-0382,concept.dependence.linear,R006,linearly dependent,bergantung linear,,,formal,R006 ch-several-vars-ders.tex,admitted,
LEBL-TERM-0383,concept.basis.linear,R006,basis,basis,,,formal,R006 ch-several-vars-ders.tex,admitted,
LEBL-TERM-0384,concept.dimension.linear,R006,dimension,dimensi,,,formal,R006 ch-several-vars-ders.tex,admitted,
LEBL-TERM-0385,concept.dimension.infinite,R006,infinite-dimensional,berdimensi tak hingga,,,formal,R006 ch-several-vars-ders.tex,admitted,
LEBL-TERM-0386,concept.basis.standard,R006,standard basis,basis standar,,,formal,R006 ch-several-vars-ders.tex,admitted,
LEBL-TERM-0387,concept.mapping,R006,mapping,pemetaan,peta,,formal,R006 ch-several-vars-ders.tex,admitted,
LEBL-TERM-0388,concept.transformation.linear,R006,linear transformation,transformasi linear,pemetaan linear,,formal,R006 ch-several-vars-ders.tex,admitted,
LEBL-TERM-0389,concept.operator.linear,R006,linear operator,operator linear,,,formal,R006 ch-several-vars-ders.tex,admitted,
LEBL-TERM-0390,concept.transformation.invertible,R006,invertible linear transformation,transformasi linear invertibel,,,formal,R006 ch-several-vars-ders.tex,admitted,
LEBL-TERM-0391,concept.algebra.linear,R006,algebra,aljabar,,,formal,R006 ch-several-vars-ders.tex,admitted,
LEBL-TERM-0392,concept.nullspace,R006,nullspace,ruang nol,kernel,,formal,R006 ch-several-vars-ders.tex,admitted,
LEBL-TERM-0393,concept.function.injective,R006,one-to-one,injektif,satu-ke-satu,,formal,R006 ch-several-vars-ders.tex,admitted,
LEBL-TERM-0394,concept.function.surjective,R006,onto,surjektif,memetakan pada,,formal,R006 ch-several-vars-ders.tex,admitted,
LEBL-TERM-0395,concept.set.convex,R006,convex,konveks,,,formal,R006 ch-several-vars-ders.tex,admitted,
LEBL-TERM-0396,concept.combination.convex,R006,convex combination,kombinasi konveks,,,formal,R006 ch-several-vars-ders.tex,admitted,
LEBL-TERM-0397,concept.hull.convex,R006,convex hull,selubung konveks,,,formal,R006 ch-several-vars-ders.tex,admitted,
LEBL-TERM-0398,concept.norm,R006,norm,norma,,,formal,R006 ch-several-vars-ders.tex,admitted,
LEBL-TERM-0399,concept.space.vector.normed,R006,normed vector space,ruang vektor bernorma,,,formal,R006 ch-several-vars-ders.tex,admitted,
LEBL-TERM-0400,concept.product.dot,R006,dot product,hasil kali titik,produk titik,,formal,R006 ch-several-vars-ders.tex,admitted,
LEBL-TERM-0401,concept.mapping.bilinear,R006,bilinear,bilinear,,,formal,R006 ch-several-vars-ders.tex,admitted,
LEBL-TERM-0402,concept.norm.euclidean,R006,Euclidean norm,norma Euklides,,,formal,R006 ch-several-vars-ders.tex,admitted,
LEBL-TERM-0403,concept.inequality.cauchy-schwarz,R006,Cauchy--Schwarz inequality,ketaksamaan Cauchy--Schwarz,,,formal,R006 ch-several-vars-ders.tex,admitted,
LEBL-TERM-0404,concept.norm.operator,R006,operator norm,norma operator,,,formal,R006 ch-several-vars-ders.tex,admitted,
LEBL-TERM-0405,concept.group.general-linear,R006,general linear group,grup linear umum,,,formal,R006 ch-several-vars-ders.tex,admitted,
LEBL-TERM-0406,concept.matrix,R006,matrix,matriks,,,formal,R006 ch-several-vars-ders.tex,admitted,
LEBL-TERM-0407,concept.matrix.entry,R006,matrix entry,entri matriks,unsur matriks,,formal,R006 ch-several-vars-ders.tex,admitted,
LEBL-TERM-0408,concept.matrix.row,R006,row,baris,,,formal,R006 ch-several-vars-ders.tex,admitted,
LEBL-TERM-0409,concept.matrix.column,R006,column,kolom,,,formal,R006 ch-several-vars-ders.tex,admitted,
LEBL-TERM-0410,concept.matrix.transpose,R006,transpose,transpos,,,formal,R006 ch-several-vars-ders.tex,admitted,
LEBL-TERM-0411,concept.basis.change,R006,change of basis,perubahan basis,,,formal,R006 ch-several-vars-ders.tex,admitted,
LEBL-TERM-0412,concept.determinant,R006,determinant,determinan,,,formal,R006 ch-several-vars-ders.tex,admitted,
LEBL-TERM-0413,concept.permutation,R006,permutation,permutasi,,,formal,R006 ch-several-vars-ders.tex,admitted,
LEBL-TERM-0414,concept.transposition,R006,transposition,transposisi,pertukaran dua unsur,,formal,R006 ch-several-vars-ders.tex,admitted,
LEBL-TERM-0415,concept.permutation.even,R006,even permutation,permutasi genap,,,formal,R006 ch-several-vars-ders.tex,admitted,
LEBL-TERM-0416,concept.permutation.odd,R006,odd permutation,permutasi ganjil,,,formal,R006 ch-several-vars-ders.tex,admitted,
LEBL-TERM-0417,concept.group.symmetric,R006,symmetric group,grup simetris,,,formal,R006 ch-several-vars-ders.tex,admitted,
LEBL-TERM-0418,concept.diagram.commutative,R006,commutative diagram,diagram komutatif,,,formal,R006 ch-several-vars-ders.tex,admitted,
LEBL-TERM-0419,concept.matrix.elementary,R006,elementary matrix,matriks elementer,,,formal,R006 ch-several-vars-ders.tex,admitted,
LEBL-TERM-0420,concept.matrix.upper-triangular,R006,upper triangular matrix,matriks segitiga atas,,,formal,R006 ch-several-vars-ders.tex,admitted,
LEBL-TERM-0421,concept.orientation,R006,orientation,orientasi,,,formal,R006 ch-several-vars-ders.tex,admitted,
LEBL-TERM-0422,concept.norm.one,R006,1-norm,norma-1,norma L1,,formal,R006 ch-several-vars-ders.tex,admitted,
LEBL-TERM-0423,concept.distance.taxicab,R006,taxicab distance,jarak taksi,,,formal,R006 ch-several-vars-ders.tex,admitted,
LEBL-TERM-0424,concept.matrix.diagonal,R006,diagonal matrix,matriks diagonal,,,formal,R006 ch-several-vars-ders.tex,admitted,
LEBL-TERM-0425,concept.matrix.diagonalizable,R006,diagonalizable matrix,matriks yang dapat didiagonalisasi,,,formal,R006 ch-several-vars-ders.tex,admitted,
LEBL-TERM-0426,concept.eigenvalue,R006,eigenvalue,nilai eigen,,,formal,R006 ch-several-vars-ders.tex,admitted,
LEBL-TERM-0427,concept.radius.spectral,R006,spectral radius,radius spektral,,,formal,R006 ch-several-vars-ders.tex,admitted,
LEBL-TERM-0428,concept.modulus.complex,R006,complex modulus,modulus kompleks,,,formal,R006 ch-several-vars-ders.tex,admitted,
LEBL-TERM-0429,concept.set.symmetric,R006,symmetric set,himpunan simetris,,,formal,R006 ch-several-vars-ders.tex,admitted,
LEBL-TERM-0430,concept.calculus.gradient,R006,gradient,gradien,,,formal,R006 ch-several-vars-ders.tex,admitted,
LEBL-TERM-0431,concept.geometry.curve,R006,curve,kurva,,,formal,R006 ch-several-vars-ders.tex,admitted,
LEBL-TERM-0432,concept.geometry.curve.differentiable,R006,differentiable curve,kurva diferensiabel,,,formal,R006 ch-several-vars-ders.tex,admitted,
LEBL-TERM-0433,concept.geometry.vector.tangent,R006,tangent vector,vektor singgung,,,formal,R006 ch-several-vars-ders.tex,admitted,
LEBL-TERM-0434,concept.calculus.derivative.directional,R006,directional derivative,turunan arah,,,formal,R006 ch-several-vars-ders.tex,admitted,
LEBL-TERM-0435,concept.calculus.jacobian.determinant,R006,Jacobian determinant,determinan Jacobian,,,formal,R006 ch-several-vars-ders.tex,admitted,
LEBL-TERM-0436,concept.calculus.jacobian,R006,Jacobian,Jacobian,,,formal,R006 ch-several-vars-ders.tex,admitted,
LEBL-TERM-0437,concept.calculus.jacobian.matrix,R006,Jacobian matrix,matriks Jacobian,,,formal,R006 ch-several-vars-ders.tex,admitted,
LEBL-TERM-0438,concept.calculus.critical-point,R006,critical point,titik kritis,,,formal,R006 ch-several-vars-ders.tex,admitted,
LEBL-TERM-0439,concept.surface.peano,R006,Peano surface,permukaan Peano,,,formal,R006 ch-several-vars-ders.tex,admitted,
LEBL-TERM-0440,concept.geometry.sphere.unit,R006,unit sphere,permukaan bola satuan,bola satuan,,formal,R006 ch-several-vars-ders.tex,admitted,
