"id","semantic_key","resource_id","edition_id","asset_kind","path","mime_type","sha256","dependencies_json","rights_id","status","record_json"
"urn:uuid:16fad642-5ca3-5f4f-b663-39fa442f37d0","lebl.diffyqs.asset.bibliography.bd.boyce-diprima-meade.en","urn:uuid:372b97ed-b680-56ea-830b-7b6748d2b465","urn:uuid:c8f802a9-20a7-5339-ae47-20a368df3c83","build_dependency","source/diffyqs-v6.11/diffyqs.tex","application/x-tex","sha256:f61deae865fe59b855d74cace17c6fde73d80f49c77c3d3266ce9306d9e920ca","[]","urn:uuid:55f5bc5b-fcc2-55bd-8bcb-65ab31cc4e0f","active","{""asset_kind"":""build_dependency"",""dependencies"":[],""edition_id"":""urn:uuid:c8f802a9-20a7-5339-ae47-20a368df3c83"",""id"":""urn:uuid:16fad642-5ca3-5f4f-b663-39fa442f37d0"",""mime_type"":""application/x-tex"",""path"":""source/diffyqs-v6.11/diffyqs.tex"",""record_type"":""asset"",""recorded_at"":""2026-08-24T00:00:00Z"",""resource_id"":""urn:uuid:372b97ed-b680-56ea-830b-7b6748d2b465"",""rights_id"":""urn:uuid:55f5bc5b-fcc2-55bd-8bcb-65ab31cc4e0f"",""schema_name"":""lebl.backend.record"",""schema_version"":""0.3.0"",""semantic_aliases"":[],""semantic_key"":""lebl.diffyqs.asset.bibliography.bd.boyce-diprima-meade.en"",""sha256"":""sha256:f61deae865fe59b855d74cace17c6fde73d80f49c77c3d3266ce9306d9e920ca"",""source_binding"":{""content_sha256"":""sha256:f61deae865fe59b855d74cace17c6fde73d80f49c77c3d3266ce9306d9e920ca"",""edition_id"":""urn:uuid:c8f802a9-20a7-5339-ae47-20a368df3c83"",""locator"":""raw lines 377-386"",""source_path"":""source/diffyqs-v6.11/diffyqs.tex""},""status"":""active"",""supersedes_id"":null,""workflow_id"":""01a01f57-a34b-7740-9717-596b8116910c/backend-production-v0.4-live""}"
"urn:uuid:1b9cb7cf-58cb-5a8a-8459-53d5b238cc9b","lebl.diffyqs.asset.bibliography.ep.edwards-penney.en","urn:uuid:372b97ed-b680-56ea-830b-7b6748d2b465","urn:uuid:c8f802a9-20a7-5339-ae47-20a368df3c83","build_dependency","source/diffyqs-v6.11/diffyqs.tex","application/x-tex","sha256:a451c1f2f35d4c0bd4e4dbc400e1a86e360bb4752cbe55fe5e719a325706f371","[]","urn:uuid:55f5bc5b-fcc2-55bd-8bcb-65ab31cc4e0f","active","{""asset_kind"":""build_dependency"",""dependencies"":[],""edition_id"":""urn:uuid:c8f802a9-20a7-5339-ae47-20a368df3c83"",""id"":""urn:uuid:1b9cb7cf-58cb-5a8a-8459-53d5b238cc9b"",""mime_type"":""application/x-tex"",""path"":""source/diffyqs-v6.11/diffyqs.tex"",""record_type"":""asset"",""recorded_at"":""2026-08-24T00:00:00Z"",""resource_id"":""urn:uuid:372b97ed-b680-56ea-830b-7b6748d2b465"",""rights_id"":""urn:uuid:55f5bc5b-fcc2-55bd-8bcb-65ab31cc4e0f"",""schema_name"":""lebl.backend.record"",""schema_version"":""0.3.0"",""semantic_aliases"":[],""semantic_key"":""lebl.diffyqs.asset.bibliography.ep.edwards-penney.en"",""sha256"":""sha256:a451c1f2f35d4c0bd4e4dbc400e1a86e360bb4752cbe55fe5e719a325706f371"",""source_binding"":{""content_sha256"":""sha256:a451c1f2f35d4c0bd4e4dbc400e1a86e360bb4752cbe55fe5e719a325706f371"",""edition_id"":""urn:uuid:c8f802a9-20a7-5339-ae47-20a368df3c83"",""locator"":""raw lines 387-394"",""source_path"":""source/diffyqs-v6.11/diffyqs.tex""},""status"":""active"",""supersedes_id"":null,""workflow_id"":""01a01f57-a34b-7740-9717-596b8116910c/backend-production-v0.4-live""}"
"urn:uuid:d3bd7e6b-3ac5-560b-83f9-9c97685231da","lebl.diffyqs.asset.nonlinear-systems.figure.chaos-pend.pdf.en","urn:uuid:372b97ed-b680-56ea-830b-7b6748d2b465","urn:uuid:c8f802a9-20a7-5339-ae47-20a368df3c83","figure","source/diffyqs-v6.11/figures/chaos-pend.pdf","application/pdf","sha256:b2071099eceae967e24c3385bd8bc883666dd551562d4487ded1fea271cf8e5d","[]","urn:uuid:55f5bc5b-fcc2-55bd-8bcb-65ab31cc4e0f","active","{""asset_kind"":""figure"",""dependencies"":[],""edition_id"":""urn:uuid:c8f802a9-20a7-5339-ae47-20a368df3c83"",""id"":""urn:uuid:d3bd7e6b-3ac5-560b-83f9-9c97685231da"",""mime_type"":""application/pdf"",""path"":""source/diffyqs-v6.11/figures/chaos-pend.pdf"",""record_type"":""asset"",""recorded_at"":""2026-08-24T00:00:00Z"",""resource_id"":""urn:uuid:372b97ed-b680-56ea-830b-7b6748d2b465"",""rights_id"":""urn:uuid:55f5bc5b-fcc2-55bd-8bcb-65ab31cc4e0f"",""schema_name"":""lebl.backend.record"",""schema_version"":""0.3.0"",""semantic_aliases"":[],""semantic_key"":""lebl.diffyqs.asset.nonlinear-systems.figure.chaos-pend.pdf.en"",""sha256"":""sha256:b2071099eceae967e24c3385bd8bc883666dd551562d4487ded1fea271cf8e5d"",""source_binding"":{""content_sha256"":""sha256:b2071099eceae967e24c3385bd8bc883666dd551562d4487ded1fea271cf8e5d"",""edition_id"":""urn:uuid:c8f802a9-20a7-5339-ae47-20a368df3c83"",""locator"":""entire file"",""source_path"":""source/diffyqs-v6.11/figures/chaos-pend.pdf""},""status"":""active"",""supersedes_id"":null,""workflow_id"":""01a01f57-a34b-7740-9717-596b8116910c/backend-production-v0.4-live""}"
"urn:uuid:c32bc67b-861d-5aa9-b1a6-3c1683f79b44","lebl.diffyqs.asset.nonlinear-systems.figure.chaos-pend.pdf-t.en","urn:uuid:372b97ed-b680-56ea-830b-7b6748d2b465","urn:uuid:c8f802a9-20a7-5339-ae47-20a368df3c83","figure","source/diffyqs-v6.11/figures/chaos-pend.pdf_t","application/x-fig-overlay","sha256:4e98157fdce97d23b66e569f146ec73f4d640593738943d10a70a50c0860316d","[""urn:uuid:d3bd7e6b-3ac5-560b-83f9-9c97685231da""]","urn:uuid:55f5bc5b-fcc2-55bd-8bcb-65ab31cc4e0f","active","{""asset_kind"":""figure"",""dependencies"":[""urn:uuid:d3bd7e6b-3ac5-560b-83f9-9c97685231da""],""edition_id"":""urn:uuid:c8f802a9-20a7-5339-ae47-20a368df3c83"",""id"":""urn:uuid:c32bc67b-861d-5aa9-b1a6-3c1683f79b44"",""mime_type"":""application/x-fig-overlay"",""path"":""source/diffyqs-v6.11/figures/chaos-pend.pdf_t"",""record_type"":""asset"",""recorded_at"":""2026-08-24T00:00:00Z"",""resource_id"":""urn:uuid:372b97ed-b680-56ea-830b-7b6748d2b465"",""rights_id"":""urn:uuid:55f5bc5b-fcc2-55bd-8bcb-65ab31cc4e0f"",""schema_name"":""lebl.backend.record"",""schema_version"":""0.3.0"",""semantic_aliases"":[],""semantic_key"":""lebl.diffyqs.asset.nonlinear-systems.figure.chaos-pend.pdf-t.en"",""sha256"":""sha256:4e98157fdce97d23b66e569f146ec73f4d640593738943d10a70a50c0860316d"",""source_binding"":{""content_sha256"":""sha256:4e98157fdce97d23b66e569f146ec73f4d640593738943d10a70a50c0860316d"",""edition_id"":""urn:uuid:c8f802a9-20a7-5339-ae47-20a368df3c83"",""locator"":""entire file"",""source_path"":""source/diffyqs-v6.11/figures/chaos-pend.pdf_t""},""status"":""active"",""supersedes_id"":null,""workflow_id"":""01a01f57-a34b-7740-9717-596b8116910c/backend-production-v0.4-live""}"
"urn:uuid:2a08137d-d813-5699-bc03-109150d94a24","lebl.diffyqs.asset.nonlinear-systems.figure.mv-pend.pdf.en","urn:uuid:372b97ed-b680-56ea-830b-7b6748d2b465","urn:uuid:c8f802a9-20a7-5339-ae47-20a368df3c83","figure","source/diffyqs-v6.11/figures/mv-pend.pdf","application/pdf","sha256:636f314a259ab608c5afd7d2d3e9ab781d6aca5ac71f21128eb17755e5babc62","[]","urn:uuid:55f5bc5b-fcc2-55bd-8bcb-65ab31cc4e0f","active","{""asset_kind"":""figure"",""dependencies"":[],""edition_id"":""urn:uuid:c8f802a9-20a7-5339-ae47-20a368df3c83"",""id"":""urn:uuid:2a08137d-d813-5699-bc03-109150d94a24"",""mime_type"":""application/pdf"",""path"":""source/diffyqs-v6.11/figures/mv-pend.pdf"",""record_type"":""asset"",""recorded_at"":""2026-08-24T00:00:00Z"",""resource_id"":""urn:uuid:372b97ed-b680-56ea-830b-7b6748d2b465"",""rights_id"":""urn:uuid:55f5bc5b-fcc2-55bd-8bcb-65ab31cc4e0f"",""schema_name"":""lebl.backend.record"",""schema_version"":""0.3.0"",""semantic_aliases"":[],""semantic_key"":""lebl.diffyqs.asset.nonlinear-systems.figure.mv-pend.pdf.en"",""sha256"":""sha256:636f314a259ab608c5afd7d2d3e9ab781d6aca5ac71f21128eb17755e5babc62"",""source_binding"":{""content_sha256"":""sha256:636f314a259ab608c5afd7d2d3e9ab781d6aca5ac71f21128eb17755e5babc62"",""edition_id"":""urn:uuid:c8f802a9-20a7-5339-ae47-20a368df3c83"",""locator"":""entire file"",""source_path"":""source/diffyqs-v6.11/figures/mv-pend.pdf""},""status"":""active"",""supersedes_id"":null,""workflow_id"":""01a01f57-a34b-7740-9717-596b8116910c/backend-production-v0.4-live""}"
"urn:uuid:75c9158f-4b8e-5b23-8ecc-76875305a92b","lebl.diffyqs.asset.nonlinear-systems.figure.mv-pend.pdf-t.en","urn:uuid:372b97ed-b680-56ea-830b-7b6748d2b465","urn:uuid:c8f802a9-20a7-5339-ae47-20a368df3c83","figure","source/diffyqs-v6.11/figures/mv-pend.pdf_t","application/x-fig-overlay","sha256:8877a05c02e65ed4137e9ba66c713135a079d1e492557d1cd4df1fdff221569b","[""urn:uuid:2a08137d-d813-5699-bc03-109150d94a24""]","urn:uuid:55f5bc5b-fcc2-55bd-8bcb-65ab31cc4e0f","active","{""asset_kind"":""figure"",""dependencies"":[""urn:uuid:2a08137d-d813-5699-bc03-109150d94a24""],""edition_id"":""urn:uuid:c8f802a9-20a7-5339-ae47-20a368df3c83"",""id"":""urn:uuid:75c9158f-4b8e-5b23-8ecc-76875305a92b"",""mime_type"":""application/x-fig-overlay"",""path"":""source/diffyqs-v6.11/figures/mv-pend.pdf_t"",""record_type"":""asset"",""recorded_at"":""2026-08-24T00:00:00Z"",""resource_id"":""urn:uuid:372b97ed-b680-56ea-830b-7b6748d2b465"",""rights_id"":""urn:uuid:55f5bc5b-fcc2-55bd-8bcb-65ab31cc4e0f"",""schema_name"":""lebl.backend.record"",""schema_version"":""0.3.0"",""semantic_aliases"":[],""semantic_key"":""lebl.diffyqs.asset.nonlinear-systems.figure.mv-pend.pdf-t.en"",""sha256"":""sha256:8877a05c02e65ed4137e9ba66c713135a079d1e492557d1cd4df1fdff221569b"",""source_binding"":{""content_sha256"":""sha256:8877a05c02e65ed4137e9ba66c713135a079d1e492557d1cd4df1fdff221569b"",""edition_id"":""urn:uuid:c8f802a9-20a7-5339-ae47-20a368df3c83"",""locator"":""entire file"",""source_path"":""source/diffyqs-v6.11/figures/mv-pend.pdf_t""},""status"":""active"",""supersedes_id"":null,""workflow_id"":""01a01f57-a34b-7740-9717-596b8116910c/backend-production-v0.4-live""}"
"urn:uuid:5b8dd7eb-0234-56b8-a963-10789117fe0c","lebl.diffyqs.asset.nonlinear-systems.figure.nlin-1b-lin-00-01.pdf.en","urn:uuid:372b97ed-b680-56ea-830b-7b6748d2b465","urn:uuid:c8f802a9-20a7-5339-ae47-20a368df3c83","figure","source/diffyqs-v6.11/figures/nlin-1b-lin-00-01.pdf","application/pdf","sha256:a967877de53162a11a56d4d3820fc9b26f3b8a238b3c49b13e3a7b2470033b88","[]","urn:uuid:55f5bc5b-fcc2-55bd-8bcb-65ab31cc4e0f","active","{""asset_kind"":""figure"",""dependencies"":[],""edition_id"":""urn:uuid:c8f802a9-20a7-5339-ae47-20a368df3c83"",""id"":""urn:uuid:5b8dd7eb-0234-56b8-a963-10789117fe0c"",""mime_type"":""application/pdf"",""path"":""source/diffyqs-v6.11/figures/nlin-1b-lin-00-01.pdf"",""record_type"":""asset"",""recorded_at"":""2026-08-24T00:00:00Z"",""resource_id"":""urn:uuid:372b97ed-b680-56ea-830b-7b6748d2b465"",""rights_id"":""urn:uuid:55f5bc5b-fcc2-55bd-8bcb-65ab31cc4e0f"",""schema_name"":""lebl.backend.record"",""schema_version"":""0.3.0"",""semantic_aliases"":[],""semantic_key"":""lebl.diffyqs.asset.nonlinear-systems.figure.nlin-1b-lin-00-01.pdf.en"",""sha256"":""sha256:a967877de53162a11a56d4d3820fc9b26f3b8a238b3c49b13e3a7b2470033b88"",""source_binding"":{""content_sha256"":""sha256:a967877de53162a11a56d4d3820fc9b26f3b8a238b3c49b13e3a7b2470033b88"",""edition_id"":""urn:uuid:c8f802a9-20a7-5339-ae47-20a368df3c83"",""locator"":""entire file"",""source_path"":""source/diffyqs-v6.11/figures/nlin-1b-lin-00-01.pdf""},""status"":""active"",""supersedes_id"":null,""workflow_id"":""01a01f57-a34b-7740-9717-596b8116910c/backend-production-v0.4-live""}"
"urn:uuid:dd22f555-8a6d-5369-9b5f-358c6109bb50","lebl.diffyqs.asset.nonlinear-systems.figure.nlin-1b.pdf.en","urn:uuid:372b97ed-b680-56ea-830b-7b6748d2b465","urn:uuid:c8f802a9-20a7-5339-ae47-20a368df3c83","figure","source/diffyqs-v6.11/figures/nlin-1b.pdf","application/pdf","sha256:728b61ac90f6af77525fc1e15602f9a2dfa0f4f9b8989c324e8150e2b862b6c2","[]","urn:uuid:55f5bc5b-fcc2-55bd-8bcb-65ab31cc4e0f","active","{""asset_kind"":""figure"",""dependencies"":[],""edition_id"":""urn:uuid:c8f802a9-20a7-5339-ae47-20a368df3c83"",""id"":""urn:uuid:dd22f555-8a6d-5369-9b5f-358c6109bb50"",""mime_type"":""application/pdf"",""path"":""source/diffyqs-v6.11/figures/nlin-1b.pdf"",""record_type"":""asset"",""recorded_at"":""2026-08-24T00:00:00Z"",""resource_id"":""urn:uuid:372b97ed-b680-56ea-830b-7b6748d2b465"",""rights_id"":""urn:uuid:55f5bc5b-fcc2-55bd-8bcb-65ab31cc4e0f"",""schema_name"":""lebl.backend.record"",""schema_version"":""0.3.0"",""semantic_aliases"":[],""semantic_key"":""lebl.diffyqs.asset.nonlinear-systems.figure.nlin-1b.pdf.en"",""sha256"":""sha256:728b61ac90f6af77525fc1e15602f9a2dfa0f4f9b8989c324e8150e2b862b6c2"",""source_binding"":{""content_sha256"":""sha256:728b61ac90f6af77525fc1e15602f9a2dfa0f4f9b8989c324e8150e2b862b6c2"",""edition_id"":""urn:uuid:c8f802a9-20a7-5339-ae47-20a368df3c83"",""locator"":""entire file"",""source_path"":""source/diffyqs-v6.11/figures/nlin-1b.pdf""},""status"":""active"",""supersedes_id"":null,""workflow_id"":""01a01f57-a34b-7740-9717-596b8116910c/backend-production-v0.4-live""}"
"urn:uuid:23a418e4-0aa3-5f9e-a132-36158b89f331","lebl.diffyqs.asset.nonlinear-systems.figure.nlin-t-vs-t0-abs-relerr.pdf.en","urn:uuid:372b97ed-b680-56ea-830b-7b6748d2b465","urn:uuid:c8f802a9-20a7-5339-ae47-20a368df3c83","figure","source/diffyqs-v6.11/figures/nlin-T-vs-T0-abs-relerr.pdf","application/pdf","sha256:81edb7d31629614973cf50bb69b4a6e99724ce612548d13bb6d5a90d8bb3aa18","[]","urn:uuid:55f5bc5b-fcc2-55bd-8bcb-65ab31cc4e0f","active","{""asset_kind"":""figure"",""dependencies"":[],""edition_id"":""urn:uuid:c8f802a9-20a7-5339-ae47-20a368df3c83"",""id"":""urn:uuid:23a418e4-0aa3-5f9e-a132-36158b89f331"",""mime_type"":""application/pdf"",""path"":""source/diffyqs-v6.11/figures/nlin-T-vs-T0-abs-relerr.pdf"",""record_type"":""asset"",""recorded_at"":""2026-08-24T00:00:00Z"",""resource_id"":""urn:uuid:372b97ed-b680-56ea-830b-7b6748d2b465"",""rights_id"":""urn:uuid:55f5bc5b-fcc2-55bd-8bcb-65ab31cc4e0f"",""schema_name"":""lebl.backend.record"",""schema_version"":""0.3.0"",""semantic_aliases"":[],""semantic_key"":""lebl.diffyqs.asset.nonlinear-systems.figure.nlin-t-vs-t0-abs-relerr.pdf.en"",""sha256"":""sha256:81edb7d31629614973cf50bb69b4a6e99724ce612548d13bb6d5a90d8bb3aa18"",""source_binding"":{""content_sha256"":""sha256:81edb7d31629614973cf50bb69b4a6e99724ce612548d13bb6d5a90d8bb3aa18"",""edition_id"":""urn:uuid:c8f802a9-20a7-5339-ae47-20a368df3c83"",""locator"":""entire file"",""source_path"":""source/diffyqs-v6.11/figures/nlin-T-vs-T0-abs-relerr.pdf""},""status"":""active"",""supersedes_id"":null,""workflow_id"":""01a01f57-a34b-7740-9717-596b8116910c/backend-production-v0.4-live""}"
"urn:uuid:4433ad2a-cac8-5abc-ab49-32bab453d398","lebl.diffyqs.asset.nonlinear-systems.figure.nlin-duf-long.pdf.en","urn:uuid:372b97ed-b680-56ea-830b-7b6748d2b465","urn:uuid:c8f802a9-20a7-5339-ae47-20a368df3c83","figure","source/diffyqs-v6.11/figures/nlin-duf-long.pdf","application/pdf","sha256:2171bbe77de17bb508f675d7eb6ae0f5188ecd356f1f8c2f6099f0866b62f367","[]","urn:uuid:55f5bc5b-fcc2-55bd-8bcb-65ab31cc4e0f","active","{""asset_kind"":""figure"",""dependencies"":[],""edition_id"":""urn:uuid:c8f802a9-20a7-5339-ae47-20a368df3c83"",""id"":""urn:uuid:4433ad2a-cac8-5abc-ab49-32bab453d398"",""mime_type"":""application/pdf"",""path"":""source/diffyqs-v6.11/figures/nlin-duf-long.pdf"",""record_type"":""asset"",""recorded_at"":""2026-08-24T00:00:00Z"",""resource_id"":""urn:uuid:372b97ed-b680-56ea-830b-7b6748d2b465"",""rights_id"":""urn:uuid:55f5bc5b-fcc2-55bd-8bcb-65ab31cc4e0f"",""schema_name"":""lebl.backend.record"",""schema_version"":""0.3.0"",""semantic_aliases"":[],""semantic_key"":""lebl.diffyqs.asset.nonlinear-systems.figure.nlin-duf-long.pdf.en"",""sha256"":""sha256:2171bbe77de17bb508f675d7eb6ae0f5188ecd356f1f8c2f6099f0866b62f367"",""source_binding"":{""content_sha256"":""sha256:2171bbe77de17bb508f675d7eb6ae0f5188ecd356f1f8c2f6099f0866b62f367"",""edition_id"":""urn:uuid:c8f802a9-20a7-5339-ae47-20a368df3c83"",""locator"":""entire file"",""source_path"":""source/diffyqs-v6.11/figures/nlin-duf-long.pdf""},""status"":""active"",""supersedes_id"":null,""workflow_id"":""01a01f57-a34b-7740-9717-596b8116910c/backend-production-v0.4-live""}"
"urn:uuid:e84fa42e-dbf8-5c2e-bde7-76549f4bff1f","lebl.diffyqs.asset.nonlinear-systems.figure.nlin-duf-two-traj-sols.pdf.en","urn:uuid:372b97ed-b680-56ea-830b-7b6748d2b465","urn:uuid:c8f802a9-20a7-5339-ae47-20a368df3c83","figure","source/diffyqs-v6.11/figures/nlin-duf-two-traj-sols.pdf","application/pdf","sha256:ed7b5e61cd933fc9525ee2f093e10ef5074c4525e4c1febfd16a9bcfbc1043d9","[]","urn:uuid:55f5bc5b-fcc2-55bd-8bcb-65ab31cc4e0f","active","{""asset_kind"":""figure"",""dependencies"":[],""edition_id"":""urn:uuid:c8f802a9-20a7-5339-ae47-20a368df3c83"",""id"":""urn:uuid:e84fa42e-dbf8-5c2e-bde7-76549f4bff1f"",""mime_type"":""application/pdf"",""path"":""source/diffyqs-v6.11/figures/nlin-duf-two-traj-sols.pdf"",""record_type"":""asset"",""recorded_at"":""2026-08-24T00:00:00Z"",""resource_id"":""urn:uuid:372b97ed-b680-56ea-830b-7b6748d2b465"",""rights_id"":""urn:uuid:55f5bc5b-fcc2-55bd-8bcb-65ab31cc4e0f"",""schema_name"":""lebl.backend.record"",""schema_version"":""0.3.0"",""semantic_aliases"":[],""semantic_key"":""lebl.diffyqs.asset.nonlinear-systems.figure.nlin-duf-two-traj-sols.pdf.en"",""sha256"":""sha256:ed7b5e61cd933fc9525ee2f093e10ef5074c4525e4c1febfd16a9bcfbc1043d9"",""source_binding"":{""content_sha256"":""sha256:ed7b5e61cd933fc9525ee2f093e10ef5074c4525e4c1febfd16a9bcfbc1043d9"",""edition_id"":""urn:uuid:c8f802a9-20a7-5339-ae47-20a368df3c83"",""locator"":""entire file"",""source_path"":""source/diffyqs-v6.11/figures/nlin-duf-two-traj-sols.pdf""},""status"":""active"",""supersedes_id"":null,""workflow_id"":""01a01f57-a34b-7740-9717-596b8116910c/backend-production-v0.4-live""}"
"urn:uuid:7ba551f4-68a0-52b9-925d-069a9b213810","lebl.diffyqs.asset.nonlinear-systems.figure.nlin-ex813-new.pdf.en","urn:uuid:372b97ed-b680-56ea-830b-7b6748d2b465","urn:uuid:c8f802a9-20a7-5339-ae47-20a368df3c83","figure","source/diffyqs-v6.11/figures/nlin-ex813-new.pdf","application/pdf","sha256:06ce55ed75814b9c77bf33a6ea3f3678b417d64e1dad75f68ba3a17dccac9171","[]","urn:uuid:55f5bc5b-fcc2-55bd-8bcb-65ab31cc4e0f","active","{""asset_kind"":""figure"",""dependencies"":[],""edition_id"":""urn:uuid:c8f802a9-20a7-5339-ae47-20a368df3c83"",""id"":""urn:uuid:7ba551f4-68a0-52b9-925d-069a9b213810"",""mime_type"":""application/pdf"",""path"":""source/diffyqs-v6.11/figures/nlin-ex813-new.pdf"",""record_type"":""asset"",""recorded_at"":""2026-08-24T00:00:00Z"",""resource_id"":""urn:uuid:372b97ed-b680-56ea-830b-7b6748d2b465"",""rights_id"":""urn:uuid:55f5bc5b-fcc2-55bd-8bcb-65ab31cc4e0f"",""schema_name"":""lebl.backend.record"",""schema_version"":""0.3.0"",""semantic_aliases"":[],""semantic_key"":""lebl.diffyqs.asset.nonlinear-systems.figure.nlin-ex813-new.pdf.en"",""sha256"":""sha256:06ce55ed75814b9c77bf33a6ea3f3678b417d64e1dad75f68ba3a17dccac9171"",""source_binding"":{""content_sha256"":""sha256:06ce55ed75814b9c77bf33a6ea3f3678b417d64e1dad75f68ba3a17dccac9171"",""edition_id"":""urn:uuid:c8f802a9-20a7-5339-ae47-20a368df3c83"",""locator"":""entire file"",""source_path"":""source/diffyqs-v6.11/figures/nlin-ex813-new.pdf""},""status"":""active"",""supersedes_id"":null,""workflow_id"":""01a01f57-a34b-7740-9717-596b8116910c/backend-production-v0.4-live""}"
"urn:uuid:e6ab50af-b3d1-57a1-b577-01eb3a5d3e7f","lebl.diffyqs.asset.nonlinear-systems.figure.nlin-ex813.pdf.en","urn:uuid:372b97ed-b680-56ea-830b-7b6748d2b465","urn:uuid:c8f802a9-20a7-5339-ae47-20a368df3c83","figure","source/diffyqs-v6.11/figures/nlin-ex813.pdf","application/pdf","sha256:4b275f42ba403c745dba10648107fccbbbab70c064c8fdeef9225f5a700e9175","[]","urn:uuid:55f5bc5b-fcc2-55bd-8bcb-65ab31cc4e0f","active","{""asset_kind"":""figure"",""dependencies"":[],""edition_id"":""urn:uuid:c8f802a9-20a7-5339-ae47-20a368df3c83"",""id"":""urn:uuid:e6ab50af-b3d1-57a1-b577-01eb3a5d3e7f"",""mime_type"":""application/pdf"",""path"":""source/diffyqs-v6.11/figures/nlin-ex813.pdf"",""record_type"":""asset"",""recorded_at"":""2026-08-24T00:00:00Z"",""resource_id"":""urn:uuid:372b97ed-b680-56ea-830b-7b6748d2b465"",""rights_id"":""urn:uuid:55f5bc5b-fcc2-55bd-8bcb-65ab31cc4e0f"",""schema_name"":""lebl.backend.record"",""schema_version"":""0.3.0"",""semantic_aliases"":[],""semantic_key"":""lebl.diffyqs.asset.nonlinear-systems.figure.nlin-ex813.pdf.en"",""sha256"":""sha256:4b275f42ba403c745dba10648107fccbbbab70c064c8fdeef9225f5a700e9175"",""source_binding"":{""content_sha256"":""sha256:4b275f42ba403c745dba10648107fccbbbab70c064c8fdeef9225f5a700e9175"",""edition_id"":""urn:uuid:c8f802a9-20a7-5339-ae47-20a368df3c83"",""locator"":""entire file"",""source_path"":""source/diffyqs-v6.11/figures/nlin-ex813.pdf""},""status"":""active"",""supersedes_id"":null,""workflow_id"":""01a01f57-a34b-7740-9717-596b8116910c/backend-production-v0.4-live""}"
"urn:uuid:b9f83128-3b9c-5575-af1c-1ef5472105c7","lebl.diffyqs.asset.nonlinear-systems.figure.nlin-exer-sinpiy-x.pdf.en","urn:uuid:372b97ed-b680-56ea-830b-7b6748d2b465","urn:uuid:c8f802a9-20a7-5339-ae47-20a368df3c83","figure","source/diffyqs-v6.11/figures/nlin-exer-sinpiy-x.pdf","application/pdf","sha256:c676419124cec1af21a5325afe2aa66e511b4c06b285f1df9f527cfeb1b44595","[]","urn:uuid:55f5bc5b-fcc2-55bd-8bcb-65ab31cc4e0f","active","{""asset_kind"":""figure"",""dependencies"":[],""edition_id"":""urn:uuid:c8f802a9-20a7-5339-ae47-20a368df3c83"",""id"":""urn:uuid:b9f83128-3b9c-5575-af1c-1ef5472105c7"",""mime_type"":""application/pdf"",""path"":""source/diffyqs-v6.11/figures/nlin-exer-sinpiy-x.pdf"",""record_type"":""asset"",""recorded_at"":""2026-08-24T00:00:00Z"",""resource_id"":""urn:uuid:372b97ed-b680-56ea-830b-7b6748d2b465"",""rights_id"":""urn:uuid:55f5bc5b-fcc2-55bd-8bcb-65ab31cc4e0f"",""schema_name"":""lebl.backend.record"",""schema_version"":""0.3.0"",""semantic_aliases"":[],""semantic_key"":""lebl.diffyqs.asset.nonlinear-systems.figure.nlin-exer-sinpiy-x.pdf.en"",""sha256"":""sha256:c676419124cec1af21a5325afe2aa66e511b4c06b285f1df9f527cfeb1b44595"",""source_binding"":{""content_sha256"":""sha256:c676419124cec1af21a5325afe2aa66e511b4c06b285f1df9f527cfeb1b44595"",""edition_id"":""urn:uuid:c8f802a9-20a7-5339-ae47-20a368df3c83"",""locator"":""entire file"",""source_path"":""source/diffyqs-v6.11/figures/nlin-exer-sinpiy-x.pdf""},""status"":""active"",""supersedes_id"":null,""workflow_id"":""01a01f57-a34b-7740-9717-596b8116910c/backend-production-v0.4-live""}"
"urn:uuid:890bc736-a3c7-5cc2-b6ba-33f98a0f036c","lebl.diffyqs.asset.nonlinear-systems.figure.nlin-exer-x2-y2.pdf.en","urn:uuid:372b97ed-b680-56ea-830b-7b6748d2b465","urn:uuid:c8f802a9-20a7-5339-ae47-20a368df3c83","figure","source/diffyqs-v6.11/figures/nlin-exer-x2-y2.pdf","application/pdf","sha256:64e6fa526ca57371e2f8c97983294aea3798d8d6b920d48a2fb7733f3f0b57b0","[]","urn:uuid:55f5bc5b-fcc2-55bd-8bcb-65ab31cc4e0f","active","{""asset_kind"":""figure"",""dependencies"":[],""edition_id"":""urn:uuid:c8f802a9-20a7-5339-ae47-20a368df3c83"",""id"":""urn:uuid:890bc736-a3c7-5cc2-b6ba-33f98a0f036c"",""mime_type"":""application/pdf"",""path"":""source/diffyqs-v6.11/figures/nlin-exer-x2-y2.pdf"",""record_type"":""asset"",""recorded_at"":""2026-08-24T00:00:00Z"",""resource_id"":""urn:uuid:372b97ed-b680-56ea-830b-7b6748d2b465"",""rights_id"":""urn:uuid:55f5bc5b-fcc2-55bd-8bcb-65ab31cc4e0f"",""schema_name"":""lebl.backend.record"",""schema_version"":""0.3.0"",""semantic_aliases"":[],""semantic_key"":""lebl.diffyqs.asset.nonlinear-systems.figure.nlin-exer-x2-y2.pdf.en"",""sha256"":""sha256:64e6fa526ca57371e2f8c97983294aea3798d8d6b920d48a2fb7733f3f0b57b0"",""source_binding"":{""content_sha256"":""sha256:64e6fa526ca57371e2f8c97983294aea3798d8d6b920d48a2fb7733f3f0b57b0"",""edition_id"":""urn:uuid:c8f802a9-20a7-5339-ae47-20a368df3c83"",""locator"":""entire file"",""source_path"":""source/diffyqs-v6.11/figures/nlin-exer-x2-y2.pdf""},""status"":""active"",""supersedes_id"":null,""workflow_id"":""01a01f57-a34b-7740-9717-596b8116910c/backend-production-v0.4-live""}"
"urn:uuid:f53987d1-129c-524e-9baa-aec71a3af6ec","lebl.diffyqs.asset.nonlinear-systems.figure.nlin-exer-xy-1py2.pdf.en","urn:uuid:372b97ed-b680-56ea-830b-7b6748d2b465","urn:uuid:c8f802a9-20a7-5339-ae47-20a368df3c83","figure","source/diffyqs-v6.11/figures/nlin-exer-xy-1py2.pdf","application/pdf","sha256:9680e12cae953771893639061e73264e76027c4a77c32c3e75a2c9856886d0d1","[]","urn:uuid:55f5bc5b-fcc2-55bd-8bcb-65ab31cc4e0f","active","{""asset_kind"":""figure"",""dependencies"":[],""edition_id"":""urn:uuid:c8f802a9-20a7-5339-ae47-20a368df3c83"",""id"":""urn:uuid:f53987d1-129c-524e-9baa-aec71a3af6ec"",""mime_type"":""application/pdf"",""path"":""source/diffyqs-v6.11/figures/nlin-exer-xy-1py2.pdf"",""record_type"":""asset"",""recorded_at"":""2026-08-24T00:00:00Z"",""resource_id"":""urn:uuid:372b97ed-b680-56ea-830b-7b6748d2b465"",""rights_id"":""urn:uuid:55f5bc5b-fcc2-55bd-8bcb-65ab31cc4e0f"",""schema_name"":""lebl.backend.record"",""schema_version"":""0.3.0"",""semantic_aliases"":[],""semantic_key"":""lebl.diffyqs.asset.nonlinear-systems.figure.nlin-exer-xy-1py2.pdf.en"",""sha256"":""sha256:9680e12cae953771893639061e73264e76027c4a77c32c3e75a2c9856886d0d1"",""source_binding"":{""content_sha256"":""sha256:9680e12cae953771893639061e73264e76027c4a77c32c3e75a2c9856886d0d1"",""edition_id"":""urn:uuid:c8f802a9-20a7-5339-ae47-20a368df3c83"",""locator"":""entire file"",""source_path"":""source/diffyqs-v6.11/figures/nlin-exer-xy-1py2.pdf""},""status"":""active"",""supersedes_id"":null,""workflow_id"":""01a01f57-a34b-7740-9717-596b8116910c/backend-production-v0.4-live""}"
"urn:uuid:9f8a59c6-8e8a-554f-ad95-0526b23b272a","lebl.diffyqs.asset.nonlinear-systems.figure.nlin-exer-y-xm1xp1.pdf.en","urn:uuid:372b97ed-b680-56ea-830b-7b6748d2b465","urn:uuid:c8f802a9-20a7-5339-ae47-20a368df3c83","figure","source/diffyqs-v6.11/figures/nlin-exer-y-xm1xp1.pdf","application/pdf","sha256:87ec47de230400571778ab7d2879db4f1c70c8d8195b86e6feda6e6c9d491375","[]","urn:uuid:55f5bc5b-fcc2-55bd-8bcb-65ab31cc4e0f","active","{""asset_kind"":""figure"",""dependencies"":[],""edition_id"":""urn:uuid:c8f802a9-20a7-5339-ae47-20a368df3c83"",""id"":""urn:uuid:9f8a59c6-8e8a-554f-ad95-0526b23b272a"",""mime_type"":""application/pdf"",""path"":""source/diffyqs-v6.11/figures/nlin-exer-y-xm1xp1.pdf"",""record_type"":""asset"",""recorded_at"":""2026-08-24T00:00:00Z"",""resource_id"":""urn:uuid:372b97ed-b680-56ea-830b-7b6748d2b465"",""rights_id"":""urn:uuid:55f5bc5b-fcc2-55bd-8bcb-65ab31cc4e0f"",""schema_name"":""lebl.backend.record"",""schema_version"":""0.3.0"",""semantic_aliases"":[],""semantic_key"":""lebl.diffyqs.asset.nonlinear-systems.figure.nlin-exer-y-xm1xp1.pdf.en"",""sha256"":""sha256:87ec47de230400571778ab7d2879db4f1c70c8d8195b86e6feda6e6c9d491375"",""source_binding"":{""content_sha256"":""sha256:87ec47de230400571778ab7d2879db4f1c70c8d8195b86e6feda6e6c9d491375"",""edition_id"":""urn:uuid:c8f802a9-20a7-5339-ae47-20a368df3c83"",""locator"":""entire file"",""source_path"":""source/diffyqs-v6.11/figures/nlin-exer-y-xm1xp1.pdf""},""status"":""active"",""supersedes_id"":null,""workflow_id"":""01a01f57-a34b-7740-9717-596b8116910c/backend-production-v0.4-live""}"
"urn:uuid:2f05b85b-2c83-526f-865b-f677a8b6e0d1","lebl.diffyqs.asset.nonlinear-systems.figure.nlin-exer-y2-mx2.pdf.en","urn:uuid:372b97ed-b680-56ea-830b-7b6748d2b465","urn:uuid:c8f802a9-20a7-5339-ae47-20a368df3c83","figure","source/diffyqs-v6.11/figures/nlin-exer-y2-mx2.pdf","application/pdf","sha256:431f7c0026021379265d350c3c4acf3cc500358c189f34b02921f839064e46b4","[]","urn:uuid:55f5bc5b-fcc2-55bd-8bcb-65ab31cc4e0f","active","{""asset_kind"":""figure"",""dependencies"":[],""edition_id"":""urn:uuid:c8f802a9-20a7-5339-ae47-20a368df3c83"",""id"":""urn:uuid:2f05b85b-2c83-526f-865b-f677a8b6e0d1"",""mime_type"":""application/pdf"",""path"":""source/diffyqs-v6.11/figures/nlin-exer-y2-mx2.pdf"",""record_type"":""asset"",""recorded_at"":""2026-08-24T00:00:00Z"",""resource_id"":""urn:uuid:372b97ed-b680-56ea-830b-7b6748d2b465"",""rights_id"":""urn:uuid:55f5bc5b-fcc2-55bd-8bcb-65ab31cc4e0f"",""schema_name"":""lebl.backend.record"",""schema_version"":""0.3.0"",""semantic_aliases"":[],""semantic_key"":""lebl.diffyqs.asset.nonlinear-systems.figure.nlin-exer-y2-mx2.pdf.en"",""sha256"":""sha256:431f7c0026021379265d350c3c4acf3cc500358c189f34b02921f839064e46b4"",""source_binding"":{""content_sha256"":""sha256:431f7c0026021379265d350c3c4acf3cc500358c189f34b02921f839064e46b4"",""edition_id"":""urn:uuid:c8f802a9-20a7-5339-ae47-20a368df3c83"",""locator"":""entire file"",""source_path"":""source/diffyqs-v6.11/figures/nlin-exer-y2-mx2.pdf""},""status"":""active"",""supersedes_id"":null,""workflow_id"":""01a01f57-a34b-7740-9717-596b8116910c/backend-production-v0.4-live""}"
"urn:uuid:a6f08f59-f3ec-560f-805b-dfa030c7a9d7","lebl.diffyqs.asset.nonlinear-systems.figure.nlin-exer-ypx2-mx.pdf.en","urn:uuid:372b97ed-b680-56ea-830b-7b6748d2b465","urn:uuid:c8f802a9-20a7-5339-ae47-20a368df3c83","figure","source/diffyqs-v6.11/figures/nlin-exer-ypx2-mx.pdf","application/pdf","sha256:6cd5233d3758ff43bf195bd01d24881106ad7f838e0036a76e22e78dd7fe38ce","[]","urn:uuid:55f5bc5b-fcc2-55bd-8bcb-65ab31cc4e0f","active","{""asset_kind"":""figure"",""dependencies"":[],""edition_id"":""urn:uuid:c8f802a9-20a7-5339-ae47-20a368df3c83"",""id"":""urn:uuid:a6f08f59-f3ec-560f-805b-dfa030c7a9d7"",""mime_type"":""application/pdf"",""path"":""source/diffyqs-v6.11/figures/nlin-exer-ypx2-mx.pdf"",""record_type"":""asset"",""recorded_at"":""2026-08-24T00:00:00Z"",""resource_id"":""urn:uuid:372b97ed-b680-56ea-830b-7b6748d2b465"",""rights_id"":""urn:uuid:55f5bc5b-fcc2-55bd-8bcb-65ab31cc4e0f"",""schema_name"":""lebl.backend.record"",""schema_version"":""0.3.0"",""semantic_aliases"":[],""semantic_key"":""lebl.diffyqs.asset.nonlinear-systems.figure.nlin-exer-ypx2-mx.pdf.en"",""sha256"":""sha256:6cd5233d3758ff43bf195bd01d24881106ad7f838e0036a76e22e78dd7fe38ce"",""source_binding"":{""content_sha256"":""sha256:6cd5233d3758ff43bf195bd01d24881106ad7f838e0036a76e22e78dd7fe38ce"",""edition_id"":""urn:uuid:c8f802a9-20a7-5339-ae47-20a368df3c83"",""locator"":""entire file"",""source_path"":""source/diffyqs-v6.11/figures/nlin-exer-ypx2-mx.pdf""},""status"":""active"",""supersedes_id"":null,""workflow_id"":""01a01f57-a34b-7740-9717-596b8116910c/backend-production-v0.4-live""}"
"urn:uuid:b5f4c7eb-15e3-5493-b1aa-8a6a20453f9a","lebl.diffyqs.asset.nonlinear-systems.figure.nlin-lorenz-graphx.pdf.en","urn:uuid:372b97ed-b680-56ea-830b-7b6748d2b465","urn:uuid:c8f802a9-20a7-5339-ae47-20a368df3c83","figure","source/diffyqs-v6.11/figures/nlin-lorenz-graphx.pdf","application/pdf","sha256:da8b6028c2655ce575aa791ed26f160cf22f66ef099a13aff962098150f2bc24","[]","urn:uuid:55f5bc5b-fcc2-55bd-8bcb-65ab31cc4e0f","active","{""asset_kind"":""figure"",""dependencies"":[],""edition_id"":""urn:uuid:c8f802a9-20a7-5339-ae47-20a368df3c83"",""id"":""urn:uuid:b5f4c7eb-15e3-5493-b1aa-8a6a20453f9a"",""mime_type"":""application/pdf"",""path"":""source/diffyqs-v6.11/figures/nlin-lorenz-graphx.pdf"",""record_type"":""asset"",""recorded_at"":""2026-08-24T00:00:00Z"",""resource_id"":""urn:uuid:372b97ed-b680-56ea-830b-7b6748d2b465"",""rights_id"":""urn:uuid:55f5bc5b-fcc2-55bd-8bcb-65ab31cc4e0f"",""schema_name"":""lebl.backend.record"",""schema_version"":""0.3.0"",""semantic_aliases"":[],""semantic_key"":""lebl.diffyqs.asset.nonlinear-systems.figure.nlin-lorenz-graphx.pdf.en"",""sha256"":""sha256:da8b6028c2655ce575aa791ed26f160cf22f66ef099a13aff962098150f2bc24"",""source_binding"":{""content_sha256"":""sha256:da8b6028c2655ce575aa791ed26f160cf22f66ef099a13aff962098150f2bc24"",""edition_id"":""urn:uuid:c8f802a9-20a7-5339-ae47-20a368df3c83"",""locator"":""entire file"",""source_path"":""source/diffyqs-v6.11/figures/nlin-lorenz-graphx.pdf""},""status"":""active"",""supersedes_id"":null,""workflow_id"":""01a01f57-a34b-7740-9717-596b8116910c/backend-production-v0.4-live""}"
"urn:uuid:a086fad3-7e2e-5984-8440-5f490a4b9fb0","lebl.diffyqs.asset.nonlinear-systems.figure.nlin-lorenz.pdf.en","urn:uuid:372b97ed-b680-56ea-830b-7b6748d2b465","urn:uuid:c8f802a9-20a7-5339-ae47-20a368df3c83","figure","source/diffyqs-v6.11/figures/nlin-lorenz.pdf","application/pdf","sha256:b0ca55cf964b143249e7935f3b307f952011a01930d8896926ea69507baf341f","[]","urn:uuid:55f5bc5b-fcc2-55bd-8bcb-65ab31cc4e0f","active","{""asset_kind"":""figure"",""dependencies"":[],""edition_id"":""urn:uuid:c8f802a9-20a7-5339-ae47-20a368df3c83"",""id"":""urn:uuid:a086fad3-7e2e-5984-8440-5f490a4b9fb0"",""mime_type"":""application/pdf"",""path"":""source/diffyqs-v6.11/figures/nlin-lorenz.pdf"",""record_type"":""asset"",""recorded_at"":""2026-08-24T00:00:00Z"",""resource_id"":""urn:uuid:372b97ed-b680-56ea-830b-7b6748d2b465"",""rights_id"":""urn:uuid:55f5bc5b-fcc2-55bd-8bcb-65ab31cc4e0f"",""schema_name"":""lebl.backend.record"",""schema_version"":""0.3.0"",""semantic_aliases"":[],""semantic_key"":""lebl.diffyqs.asset.nonlinear-systems.figure.nlin-lorenz.pdf.en"",""sha256"":""sha256:b0ca55cf964b143249e7935f3b307f952011a01930d8896926ea69507baf341f"",""source_binding"":{""content_sha256"":""sha256:b0ca55cf964b143249e7935f3b307f952011a01930d8896926ea69507baf341f"",""edition_id"":""urn:uuid:c8f802a9-20a7-5339-ae47-20a368df3c83"",""locator"":""entire file"",""source_path"":""source/diffyqs-v6.11/figures/nlin-lorenz.pdf""},""status"":""active"",""supersedes_id"":null,""workflow_id"":""01a01f57-a34b-7740-9717-596b8116910c/backend-production-v0.4-live""}"
"urn:uuid:9a8c1a83-0e1c-5e86-a713-598b391e7c9e","lebl.diffyqs.asset.nonlinear-systems.figure.nlin-pend-phasediag.pdf.en","urn:uuid:372b97ed-b680-56ea-830b-7b6748d2b465","urn:uuid:c8f802a9-20a7-5339-ae47-20a368df3c83","figure","source/diffyqs-v6.11/figures/nlin-pend-phasediag.pdf","application/pdf","sha256:6917ea4efd5422bf2bb49026d33145859c4b93c0a61b7e964c245fe56a35155d","[]","urn:uuid:55f5bc5b-fcc2-55bd-8bcb-65ab31cc4e0f","active","{""asset_kind"":""figure"",""dependencies"":[],""edition_id"":""urn:uuid:c8f802a9-20a7-5339-ae47-20a368df3c83"",""id"":""urn:uuid:9a8c1a83-0e1c-5e86-a713-598b391e7c9e"",""mime_type"":""application/pdf"",""path"":""source/diffyqs-v6.11/figures/nlin-pend-phasediag.pdf"",""record_type"":""asset"",""recorded_at"":""2026-08-24T00:00:00Z"",""resource_id"":""urn:uuid:372b97ed-b680-56ea-830b-7b6748d2b465"",""rights_id"":""urn:uuid:55f5bc5b-fcc2-55bd-8bcb-65ab31cc4e0f"",""schema_name"":""lebl.backend.record"",""schema_version"":""0.3.0"",""semantic_aliases"":[],""semantic_key"":""lebl.diffyqs.asset.nonlinear-systems.figure.nlin-pend-phasediag.pdf.en"",""sha256"":""sha256:6917ea4efd5422bf2bb49026d33145859c4b93c0a61b7e964c245fe56a35155d"",""source_binding"":{""content_sha256"":""sha256:6917ea4efd5422bf2bb49026d33145859c4b93c0a61b7e964c245fe56a35155d"",""edition_id"":""urn:uuid:c8f802a9-20a7-5339-ae47-20a368df3c83"",""locator"":""entire file"",""source_path"":""source/diffyqs-v6.11/figures/nlin-pend-phasediag.pdf""},""status"":""active"",""supersedes_id"":null,""workflow_id"":""01a01f57-a34b-7740-9717-596b8116910c/backend-production-v0.4-live""}"
"urn:uuid:e957a267-8b28-59f7-ac92-d5f5d474d63f","lebl.diffyqs.asset.nonlinear-systems.figure.nlin-pend.pdf.en","urn:uuid:372b97ed-b680-56ea-830b-7b6748d2b465","urn:uuid:c8f802a9-20a7-5339-ae47-20a368df3c83","figure","source/diffyqs-v6.11/figures/nlin-pend.pdf","application/pdf","sha256:8551dfbd7871dc481a3688db42fb4081feda50a46f219c72ca6ff8f4085eac65","[]","urn:uuid:55f5bc5b-fcc2-55bd-8bcb-65ab31cc4e0f","active","{""asset_kind"":""figure"",""dependencies"":[],""edition_id"":""urn:uuid:c8f802a9-20a7-5339-ae47-20a368df3c83"",""id"":""urn:uuid:e957a267-8b28-59f7-ac92-d5f5d474d63f"",""mime_type"":""application/pdf"",""path"":""source/diffyqs-v6.11/figures/nlin-pend.pdf"",""record_type"":""asset"",""recorded_at"":""2026-08-24T00:00:00Z"",""resource_id"":""urn:uuid:372b97ed-b680-56ea-830b-7b6748d2b465"",""rights_id"":""urn:uuid:55f5bc5b-fcc2-55bd-8bcb-65ab31cc4e0f"",""schema_name"":""lebl.backend.record"",""schema_version"":""0.3.0"",""semantic_aliases"":[],""semantic_key"":""lebl.diffyqs.asset.nonlinear-systems.figure.nlin-pend.pdf.en"",""sha256"":""sha256:8551dfbd7871dc481a3688db42fb4081feda50a46f219c72ca6ff8f4085eac65"",""source_binding"":{""content_sha256"":""sha256:8551dfbd7871dc481a3688db42fb4081feda50a46f219c72ca6ff8f4085eac65"",""edition_id"":""urn:uuid:c8f802a9-20a7-5339-ae47-20a368df3c83"",""locator"":""entire file"",""source_path"":""source/diffyqs-v6.11/figures/nlin-pend.pdf""},""status"":""active"",""supersedes_id"":null,""workflow_id"":""01a01f57-a34b-7740-9717-596b8116910c/backend-production-v0.4-live""}"
"urn:uuid:615659b1-fa52-5f59-9d74-fffe24f6410a","lebl.diffyqs.asset.nonlinear-systems.figure.nlin-pend.pdf-t.en","urn:uuid:372b97ed-b680-56ea-830b-7b6748d2b465","urn:uuid:c8f802a9-20a7-5339-ae47-20a368df3c83","figure","source/diffyqs-v6.11/figures/nlin-pend.pdf_t","application/x-fig-overlay","sha256:4788f5bfb541ffda60135d2c0d92d28c014c00e54238dd6cd6b1de30ff4d10ec","[""urn:uuid:e957a267-8b28-59f7-ac92-d5f5d474d63f""]","urn:uuid:55f5bc5b-fcc2-55bd-8bcb-65ab31cc4e0f","active","{""asset_kind"":""figure"",""dependencies"":[""urn:uuid:e957a267-8b28-59f7-ac92-d5f5d474d63f""],""edition_id"":""urn:uuid:c8f802a9-20a7-5339-ae47-20a368df3c83"",""id"":""urn:uuid:615659b1-fa52-5f59-9d74-fffe24f6410a"",""mime_type"":""application/x-fig-overlay"",""path"":""source/diffyqs-v6.11/figures/nlin-pend.pdf_t"",""record_type"":""asset"",""recorded_at"":""2026-08-24T00:00:00Z"",""resource_id"":""urn:uuid:372b97ed-b680-56ea-830b-7b6748d2b465"",""rights_id"":""urn:uuid:55f5bc5b-fcc2-55bd-8bcb-65ab31cc4e0f"",""schema_name"":""lebl.backend.record"",""schema_version"":""0.3.0"",""semantic_aliases"":[],""semantic_key"":""lebl.diffyqs.asset.nonlinear-systems.figure.nlin-pend.pdf-t.en"",""sha256"":""sha256:4788f5bfb541ffda60135d2c0d92d28c014c00e54238dd6cd6b1de30ff4d10ec"",""source_binding"":{""content_sha256"":""sha256:4788f5bfb541ffda60135d2c0d92d28c014c00e54238dd6cd6b1de30ff4d10ec"",""edition_id"":""urn:uuid:c8f802a9-20a7-5339-ae47-20a368df3c83"",""locator"":""entire file"",""source_path"":""source/diffyqs-v6.11/figures/nlin-pend.pdf_t""},""status"":""active"",""supersedes_id"":null,""workflow_id"":""01a01f57-a34b-7740-9717-596b8116910c/backend-production-v0.4-live""}"
"urn:uuid:e80bada1-32a6-5a0d-b788-28b3b741bf31","lebl.diffyqs.asset.nonlinear-systems.figure.nlin-pred-prey-phase-graphs.pdf.en","urn:uuid:372b97ed-b680-56ea-830b-7b6748d2b465","urn:uuid:c8f802a9-20a7-5339-ae47-20a368df3c83","figure","source/diffyqs-v6.11/figures/nlin-pred-prey-phase-graphs.pdf","application/pdf","sha256:79b51ecf7d1bcd8b65e2b6bc048b1d8efc7e2c3661348658e4664641619269c3","[]","urn:uuid:55f5bc5b-fcc2-55bd-8bcb-65ab31cc4e0f","active","{""asset_kind"":""figure"",""dependencies"":[],""edition_id"":""urn:uuid:c8f802a9-20a7-5339-ae47-20a368df3c83"",""id"":""urn:uuid:e80bada1-32a6-5a0d-b788-28b3b741bf31"",""mime_type"":""application/pdf"",""path"":""source/diffyqs-v6.11/figures/nlin-pred-prey-phase-graphs.pdf"",""record_type"":""asset"",""recorded_at"":""2026-08-24T00:00:00Z"",""resource_id"":""urn:uuid:372b97ed-b680-56ea-830b-7b6748d2b465"",""rights_id"":""urn:uuid:55f5bc5b-fcc2-55bd-8bcb-65ab31cc4e0f"",""schema_name"":""lebl.backend.record"",""schema_version"":""0.3.0"",""semantic_aliases"":[],""semantic_key"":""lebl.diffyqs.asset.nonlinear-systems.figure.nlin-pred-prey-phase-graphs.pdf.en"",""sha256"":""sha256:79b51ecf7d1bcd8b65e2b6bc048b1d8efc7e2c3661348658e4664641619269c3"",""source_binding"":{""content_sha256"":""sha256:79b51ecf7d1bcd8b65e2b6bc048b1d8efc7e2c3661348658e4664641619269c3"",""edition_id"":""urn:uuid:c8f802a9-20a7-5339-ae47-20a368df3c83"",""locator"":""entire file"",""source_path"":""source/diffyqs-v6.11/figures/nlin-pred-prey-phase-graphs.pdf""},""status"":""active"",""supersedes_id"":null,""workflow_id"":""01a01f57-a34b-7740-9717-596b8116910c/backend-production-v0.4-live""}"
"urn:uuid:390308fe-8fc1-563c-bc7e-52ea3a83ea8d","lebl.diffyqs.asset.nonlinear-systems.figure.nlin-sierpinski.pdf.en","urn:uuid:372b97ed-b680-56ea-830b-7b6748d2b465","urn:uuid:c8f802a9-20a7-5339-ae47-20a368df3c83","figure","source/diffyqs-v6.11/figures/nlin-sierpinski.pdf","application/pdf","sha256:049f15c4297a21ecf7db6c1294e36d2aafd845b2ac2ccddaa83c7779b3ddd5eb","[]","urn:uuid:55f5bc5b-fcc2-55bd-8bcb-65ab31cc4e0f","active","{""asset_kind"":""figure"",""dependencies"":[],""edition_id"":""urn:uuid:c8f802a9-20a7-5339-ae47-20a368df3c83"",""id"":""urn:uuid:390308fe-8fc1-563c-bc7e-52ea3a83ea8d"",""mime_type"":""application/pdf"",""path"":""source/diffyqs-v6.11/figures/nlin-sierpinski.pdf"",""record_type"":""asset"",""recorded_at"":""2026-08-24T00:00:00Z"",""resource_id"":""urn:uuid:372b97ed-b680-56ea-830b-7b6748d2b465"",""rights_id"":""urn:uuid:55f5bc5b-fcc2-55bd-8bcb-65ab31cc4e0f"",""schema_name"":""lebl.backend.record"",""schema_version"":""0.3.0"",""semantic_aliases"":[],""semantic_key"":""lebl.diffyqs.asset.nonlinear-systems.figure.nlin-sierpinski.pdf.en"",""sha256"":""sha256:049f15c4297a21ecf7db6c1294e36d2aafd845b2ac2ccddaa83c7779b3ddd5eb"",""source_binding"":{""content_sha256"":""sha256:049f15c4297a21ecf7db6c1294e36d2aafd845b2ac2ccddaa83c7779b3ddd5eb"",""edition_id"":""urn:uuid:c8f802a9-20a7-5339-ae47-20a368df3c83"",""locator"":""entire file"",""source_path"":""source/diffyqs-v6.11/figures/nlin-sierpinski.pdf""},""status"":""active"",""supersedes_id"":null,""workflow_id"":""01a01f57-a34b-7740-9717-596b8116910c/backend-production-v0.4-live""}"
"urn:uuid:0fc665bb-6250-5cd1-a638-7475c923c248","lebl.diffyqs.asset.nonlinear-systems.figure.nlin-strange-strange2.pdf.en","urn:uuid:372b97ed-b680-56ea-830b-7b6748d2b465","urn:uuid:c8f802a9-20a7-5339-ae47-20a368df3c83","figure","source/diffyqs-v6.11/figures/nlin-strange-strange2.pdf","application/pdf","sha256:ed05bf680a6b2685c849a750b468afc6f31d3cfb3b5583b1525a3f7733adbd7d","[]","urn:uuid:55f5bc5b-fcc2-55bd-8bcb-65ab31cc4e0f","active","{""asset_kind"":""figure"",""dependencies"":[],""edition_id"":""urn:uuid:c8f802a9-20a7-5339-ae47-20a368df3c83"",""id"":""urn:uuid:0fc665bb-6250-5cd1-a638-7475c923c248"",""mime_type"":""application/pdf"",""path"":""source/diffyqs-v6.11/figures/nlin-strange-strange2.pdf"",""record_type"":""asset"",""recorded_at"":""2026-08-24T00:00:00Z"",""resource_id"":""urn:uuid:372b97ed-b680-56ea-830b-7b6748d2b465"",""rights_id"":""urn:uuid:55f5bc5b-fcc2-55bd-8bcb-65ab31cc4e0f"",""schema_name"":""lebl.backend.record"",""schema_version"":""0.3.0"",""semantic_aliases"":[],""semantic_key"":""lebl.diffyqs.asset.nonlinear-systems.figure.nlin-strange-strange2.pdf.en"",""sha256"":""sha256:ed05bf680a6b2685c849a750b468afc6f31d3cfb3b5583b1525a3f7733adbd7d"",""source_binding"":{""content_sha256"":""sha256:ed05bf680a6b2685c849a750b468afc6f31d3cfb3b5583b1525a3f7733adbd7d"",""edition_id"":""urn:uuid:c8f802a9-20a7-5339-ae47-20a368df3c83"",""locator"":""entire file"",""source_path"":""source/diffyqs-v6.11/figures/nlin-strange-strange2.pdf""},""status"":""active"",""supersedes_id"":null,""workflow_id"":""01a01f57-a34b-7740-9717-596b8116910c/backend-production-v0.4-live""}"
"urn:uuid:388feede-377f-52f9-9e1c-32ba06a90a58","lebl.diffyqs.asset.nonlinear-systems.figure.nlin-unstable-centerfig.pdf.en","urn:uuid:372b97ed-b680-56ea-830b-7b6748d2b465","urn:uuid:c8f802a9-20a7-5339-ae47-20a368df3c83","figure","source/diffyqs-v6.11/figures/nlin-unstable-centerfig.pdf","application/pdf","sha256:6eaa4e49a5d1dc9b7ba1c968260fcf2b804c0f25a798de7c262d6dcb224da920","[]","urn:uuid:55f5bc5b-fcc2-55bd-8bcb-65ab31cc4e0f","active","{""asset_kind"":""figure"",""dependencies"":[],""edition_id"":""urn:uuid:c8f802a9-20a7-5339-ae47-20a368df3c83"",""id"":""urn:uuid:388feede-377f-52f9-9e1c-32ba06a90a58"",""mime_type"":""application/pdf"",""path"":""source/diffyqs-v6.11/figures/nlin-unstable-centerfig.pdf"",""record_type"":""asset"",""recorded_at"":""2026-08-24T00:00:00Z"",""resource_id"":""urn:uuid:372b97ed-b680-56ea-830b-7b6748d2b465"",""rights_id"":""urn:uuid:55f5bc5b-fcc2-55bd-8bcb-65ab31cc4e0f"",""schema_name"":""lebl.backend.record"",""schema_version"":""0.3.0"",""semantic_aliases"":[],""semantic_key"":""lebl.diffyqs.asset.nonlinear-systems.figure.nlin-unstable-centerfig.pdf.en"",""sha256"":""sha256:6eaa4e49a5d1dc9b7ba1c968260fcf2b804c0f25a798de7c262d6dcb224da920"",""source_binding"":{""content_sha256"":""sha256:6eaa4e49a5d1dc9b7ba1c968260fcf2b804c0f25a798de7c262d6dcb224da920"",""edition_id"":""urn:uuid:c8f802a9-20a7-5339-ae47-20a368df3c83"",""locator"":""entire file"",""source_path"":""source/diffyqs-v6.11/figures/nlin-unstable-centerfig.pdf""},""status"":""active"",""supersedes_id"":null,""workflow_id"":""01a01f57-a34b-7740-9717-596b8116910c/backend-production-v0.4-live""}"
"urn:uuid:c9fe7079-801c-5c9e-8e74-9a8b0987d7dc","lebl.diffyqs.asset.nonlinear-systems.figure.nlin-unstable-limit-cycle.pdf.en","urn:uuid:372b97ed-b680-56ea-830b-7b6748d2b465","urn:uuid:c8f802a9-20a7-5339-ae47-20a368df3c83","figure","source/diffyqs-v6.11/figures/nlin-unstable-limit-cycle.pdf","application/pdf","sha256:06fdce33456d978919a7c717b27e6d4362abecf09657a7dfc8ac030bd65e2255","[]","urn:uuid:55f5bc5b-fcc2-55bd-8bcb-65ab31cc4e0f","active","{""asset_kind"":""figure"",""dependencies"":[],""edition_id"":""urn:uuid:c8f802a9-20a7-5339-ae47-20a368df3c83"",""id"":""urn:uuid:c9fe7079-801c-5c9e-8e74-9a8b0987d7dc"",""mime_type"":""application/pdf"",""path"":""source/diffyqs-v6.11/figures/nlin-unstable-limit-cycle.pdf"",""record_type"":""asset"",""recorded_at"":""2026-08-24T00:00:00Z"",""resource_id"":""urn:uuid:372b97ed-b680-56ea-830b-7b6748d2b465"",""rights_id"":""urn:uuid:55f5bc5b-fcc2-55bd-8bcb-65ab31cc4e0f"",""schema_name"":""lebl.backend.record"",""schema_version"":""0.3.0"",""semantic_aliases"":[],""semantic_key"":""lebl.diffyqs.asset.nonlinear-systems.figure.nlin-unstable-limit-cycle.pdf.en"",""sha256"":""sha256:06fdce33456d978919a7c717b27e6d4362abecf09657a7dfc8ac030bd65e2255"",""source_binding"":{""content_sha256"":""sha256:06fdce33456d978919a7c717b27e6d4362abecf09657a7dfc8ac030bd65e2255"",""edition_id"":""urn:uuid:c8f802a9-20a7-5339-ae47-20a368df3c83"",""locator"":""entire file"",""source_path"":""source/diffyqs-v6.11/figures/nlin-unstable-limit-cycle.pdf""},""status"":""active"",""supersedes_id"":null,""workflow_id"":""01a01f57-a34b-7740-9717-596b8116910c/backend-production-v0.4-live""}"
"urn:uuid:7f2b54be-849f-58de-81bc-5c66c7ca34e9","lebl.diffyqs.asset.nonlinear-systems.figure.nlin-van-der-phase-plot1.pdf.en","urn:uuid:372b97ed-b680-56ea-830b-7b6748d2b465","urn:uuid:c8f802a9-20a7-5339-ae47-20a368df3c83","figure","source/diffyqs-v6.11/figures/nlin-van-der-phase-plot1.pdf","application/pdf","sha256:a35b9f801944b21e56b54222addac1b56a10c5d94d0f317035e4c5086fd2d443","[]","urn:uuid:55f5bc5b-fcc2-55bd-8bcb-65ab31cc4e0f","active","{""asset_kind"":""figure"",""dependencies"":[],""edition_id"":""urn:uuid:c8f802a9-20a7-5339-ae47-20a368df3c83"",""id"":""urn:uuid:7f2b54be-849f-58de-81bc-5c66c7ca34e9"",""mime_type"":""application/pdf"",""path"":""source/diffyqs-v6.11/figures/nlin-van-der-phase-plot1.pdf"",""record_type"":""asset"",""recorded_at"":""2026-08-24T00:00:00Z"",""resource_id"":""urn:uuid:372b97ed-b680-56ea-830b-7b6748d2b465"",""rights_id"":""urn:uuid:55f5bc5b-fcc2-55bd-8bcb-65ab31cc4e0f"",""schema_name"":""lebl.backend.record"",""schema_version"":""0.3.0"",""semantic_aliases"":[],""semantic_key"":""lebl.diffyqs.asset.nonlinear-systems.figure.nlin-van-der-phase-plot1.pdf.en"",""sha256"":""sha256:a35b9f801944b21e56b54222addac1b56a10c5d94d0f317035e4c5086fd2d443"",""source_binding"":{""content_sha256"":""sha256:a35b9f801944b21e56b54222addac1b56a10c5d94d0f317035e4c5086fd2d443"",""edition_id"":""urn:uuid:c8f802a9-20a7-5339-ae47-20a368df3c83"",""locator"":""entire file"",""source_path"":""source/diffyqs-v6.11/figures/nlin-van-der-phase-plot1.pdf""},""status"":""active"",""supersedes_id"":null,""workflow_id"":""01a01f57-a34b-7740-9717-596b8116910c/backend-production-v0.4-live""}"
"urn:uuid:36174a50-66e3-5939-9b2d-7ab1e429506c","lebl.diffyqs.asset.nonlinear-systems.figure.nlin-pend.pdf-t.id-id","urn:uuid:372b97ed-b680-56ea-830b-7b6748d2b465","urn:uuid:b562f0c1-9b51-5ffc-8282-a98245414d0c","figure","translation/diffyqs/figures/nlin-pend.pdf_t","application/x-fig-overlay","sha256:01bc3cdb0d660cc9f4b53eccc5eb714c2f479bd773caf059c51370f739a789ad","[""urn:uuid:e957a267-8b28-59f7-ac92-d5f5d474d63f"",""urn:uuid:615659b1-fa52-5f59-9d74-fffe24f6410a""]","urn:uuid:55f5bc5b-fcc2-55bd-8bcb-65ab31cc4e0f","active","{""asset_kind"":""figure"",""dependencies"":[""urn:uuid:e957a267-8b28-59f7-ac92-d5f5d474d63f"",""urn:uuid:615659b1-fa52-5f59-9d74-fffe24f6410a""],""edition_id"":""urn:uuid:b562f0c1-9b51-5ffc-8282-a98245414d0c"",""id"":""urn:uuid:36174a50-66e3-5939-9b2d-7ab1e429506c"",""mime_type"":""application/x-fig-overlay"",""path"":""translation/diffyqs/figures/nlin-pend.pdf_t"",""record_type"":""asset"",""recorded_at"":""2026-08-24T00:00:00Z"",""resource_id"":""urn:uuid:372b97ed-b680-56ea-830b-7b6748d2b465"",""rights_id"":""urn:uuid:55f5bc5b-fcc2-55bd-8bcb-65ab31cc4e0f"",""schema_name"":""lebl.backend.record"",""schema_version"":""0.3.0"",""semantic_aliases"":[],""semantic_key"":""lebl.diffyqs.asset.nonlinear-systems.figure.nlin-pend.pdf-t.id-id"",""sha256"":""sha256:01bc3cdb0d660cc9f4b53eccc5eb714c2f479bd773caf059c51370f739a789ad"",""source_binding"":{""content_sha256"":""sha256:4788f5bfb541ffda60135d2c0d92d28c014c00e54238dd6cd6b1de30ff4d10ec"",""edition_id"":""urn:uuid:c8f802a9-20a7-5339-ae47-20a368df3c83"",""locator"":""entire source overlay; geometry and TeX commands preserved"",""source_path"":""source/diffyqs-v6.11/figures/nlin-pend.pdf_t""},""status"":""active"",""supersedes_id"":null,""workflow_id"":""01a01f57-a34b-7740-9717-596b8116910c/backend-production-v0.4-live""}"
"urn:uuid:2fa8a9d6-6c54-58bf-b63c-da0e24b15fd0","lebl.ra.asset.real-numbers-decimal-representation-figure-cantor.id-id","urn:uuid:884aba97-efd2-550c-a975-a98df314c5d8","urn:uuid:58e4a3a5-54be-5ff1-8ec0-1ae191412aa3","figure","translation/ra/figures/cantorexamplefig.pdf_t","application/x-fig-overlay","sha256:22ddaf0bf5ce2ab7b1daf3c9c345a0ea03a8dc8b655fd4fea4450149d57eb671","[]","urn:uuid:a0273f1c-6fad-54c7-a75a-32a5161da656","active","{""asset_kind"":""figure"",""dependencies"":[],""edition_id"":""urn:uuid:58e4a3a5-54be-5ff1-8ec0-1ae191412aa3"",""id"":""urn:uuid:2fa8a9d6-6c54-58bf-b63c-da0e24b15fd0"",""mime_type"":""application/x-fig-overlay"",""path"":""translation/ra/figures/cantorexamplefig.pdf_t"",""record_type"":""asset"",""recorded_at"":""2026-08-20T00:00:00Z"",""resource_id"":""urn:uuid:884aba97-efd2-550c-a975-a98df314c5d8"",""rights_id"":""urn:uuid:a0273f1c-6fad-54c7-a75a-32a5161da656"",""schema_name"":""lebl.backend.record"",""schema_version"":""0.3.0"",""semantic_aliases"":[],""semantic_key"":""lebl.ra.asset.real-numbers-decimal-representation-figure-cantor.id-id"",""sha256"":""sha256:22ddaf0bf5ce2ab7b1daf3c9c345a0ea03a8dc8b655fd4fea4450149d57eb671"",""source_binding"":{""content_sha256"":""sha256:22ddaf0bf5ce2ab7b1daf3c9c345a0ea03a8dc8b655fd4fea4450149d57eb671"",""edition_id"":""urn:uuid:58e4a3a5-54be-5ff1-8ec0-1ae191412aa3"",""locator"":""entire file"",""source_path"":""translation/ra/figures/cantorexamplefig.pdf_t""},""status"":""active"",""supersedes_id"":null,""workflow_id"":""01a01f57-a34b-7740-9717-596b8116910c/backend-production-v0.2""}"
"urn:uuid:1a38c296-8a52-5a4c-adcf-ef54a6155f1f","lebl.ra.asset.real-numbers-basic-properties-figure-lub.id-id","urn:uuid:884aba97-efd2-550c-a975-a98df314c5d8","urn:uuid:58e4a3a5-54be-5ff1-8ec0-1ae191412aa3","figure","translation/ra/figures/lub.pdf_t","application/x-fig-overlay","sha256:ec1ad7a8eb5466cd0a0393b0ca600cb81fad23a9e64008d5f1edd00afe7c43f2","[]","urn:uuid:a0273f1c-6fad-54c7-a75a-32a5161da656","active","{""asset_kind"":""figure"",""dependencies"":[],""edition_id"":""urn:uuid:58e4a3a5-54be-5ff1-8ec0-1ae191412aa3"",""id"":""urn:uuid:1a38c296-8a52-5a4c-adcf-ef54a6155f1f"",""mime_type"":""application/x-fig-overlay"",""path"":""translation/ra/figures/lub.pdf_t"",""record_type"":""asset"",""recorded_at"":""2026-08-20T00:00:00Z"",""resource_id"":""urn:uuid:884aba97-efd2-550c-a975-a98df314c5d8"",""rights_id"":""urn:uuid:a0273f1c-6fad-54c7-a75a-32a5161da656"",""schema_name"":""lebl.backend.record"",""schema_version"":""0.3.0"",""semantic_aliases"":[],""semantic_key"":""lebl.ra.asset.real-numbers-basic-properties-figure-lub.id-id"",""sha256"":""sha256:ec1ad7a8eb5466cd0a0393b0ca600cb81fad23a9e64008d5f1edd00afe7c43f2"",""source_binding"":{""content_sha256"":""sha256:ec1ad7a8eb5466cd0a0393b0ca600cb81fad23a9e64008d5f1edd00afe7c43f2"",""edition_id"":""urn:uuid:58e4a3a5-54be-5ff1-8ec0-1ae191412aa3"",""locator"":""entire file"",""source_path"":""translation/ra/figures/lub.pdf_t""},""status"":""active"",""supersedes_id"":null,""workflow_id"":""01a01f57-a34b-7740-9717-596b8116910c/backend-production-v0.2""}"
